Country Name,Country Code,Series Name,Series Code,2018 [YR2018],2019 [YR2019],2020 [YR2020],2021 [YR2021],2022 [YR2022],2023 [YR2023],2024 [YR2024]
Albania,ALB,"Educational attainment, at least Bachelor's or equivalent, population 25+, total (%) (cumulative)",SE.TER.CUAT.BA.ZS,16.4676840857403,17.3219430335689,17.804132917267,18.2029345963076,19.8346436163563,17.5100002288818,..
Albania,ALB,"Educational attainment, at least completed lower secondary, population 25+, total (%) (cumulative)",SE.SEC.CUAT.LO.ZS,90.2688350163581,90.7103196946053,91.9102782676077,91.8594948155496,92.1410670317753,93.2300033569336,..
Albania,ALB,"Educational attainment, at least completed post-secondary, population 25+, total (%) (cumulative)",SE.SEC.CUAT.PO.ZS,16.8396263737356,..,..,..,..,..,..
Albania,ALB,"Educational attainment, at least completed primary, population 25+ years, total (%) (cumulative)",SE.PRM.CUAT.ZS,97.0979549552646,97.44444677505,97.9050467189076,97.8259353930781,97.8531397166699,99.2799987792969,..
Albania,ALB,"Educational attainment, at least completed short-cycle tertiary, population 25+, total (%) (cumulative)",SE.TER.CUAT.ST.ZS,16.8396263737356,17.6892036417258,18.1971486350962,18.5665908662464,20.4319507015874,20.4400005340576,..
Albania,ALB,"Educational attainment, at least completed upper secondary, population 25+, total (%) (cumulative)",SE.SEC.CUAT.UP.ZS,49.8858232395536,50.7128654950488,51.0498413335601,51.8425099304159,53.2684854264147,53.9700012207031,..
Albania,ALB,"Educational attainment, at least Master's or equivalent, population 25+, total (%) (cumulative)",SE.TER.CUAT.MS.ZS,13.6559703604736,14.6912834496667,14.9476177415853,15.0756803068772,16.1791237773492,11.3800001144409,..
Albania,ALB,"Educational attainment, Doctoral or equivalent, population 25+, total (%) (cumulative)",SE.TER.CUAT.DO.ZS,0.220399885127739,0.230095075322552,0.217418849672624,0.309884167661349,0.239959336744538,0.330000013113022,..
Andorra,AND,"Educational attainment, at least Bachelor's or equivalent, population 25+, total (%) (cumulative)",SE.TER.CUAT.BA.ZS,..,..,..,..,25.0400009155273,..,..
Andorra,AND,"Educational attainment, at least completed lower secondary, population 25+, total (%) (cumulative)",SE.SEC.CUAT.LO.ZS,..,..,..,..,83.1600036621094,..,..
Andorra,AND,"Educational attainment, at least completed post-secondary, population 25+, total (%) (cumulative)",SE.SEC.CUAT.PO.ZS,..,..,..,..,40.1800003051758,..,..
Andorra,AND,"Educational attainment, at least completed primary, population 25+ years, total (%) (cumulative)",SE.PRM.CUAT.ZS,..,..,..,..,99.1500015258789,..,..
Andorra,AND,"Educational attainment, at least completed short-cycle tertiary, population 25+, total (%) (cumulative)",SE.TER.CUAT.ST.ZS,..,..,..,..,37.6300010681152,..,..
Andorra,AND,"Educational attainment, at least completed upper secondary, population 25+, total (%) (cumulative)",SE.SEC.CUAT.UP.ZS,..,..,..,..,61.2200012207031,..,..
Andorra,AND,"Educational attainment, at least Master's or equivalent, population 25+, total (%) (cumulative)",SE.TER.CUAT.MS.ZS,..,..,..,..,12.7399997711182,..,..
Andorra,AND,"Educational attainment, Doctoral or equivalent, population 25+, total (%) (cumulative)",SE.TER.CUAT.DO.ZS,..,..,..,..,0.449999988079071,..,..
Armenia,ARM,"Educational attainment, at least Bachelor's or equivalent, population 25+, total (%) (cumulative)",SE.TER.CUAT.BA.ZS,24.2692468209224,27.4885530476287,24.2099990844727,28.5798569615657,24.2985191345215,25.9126396179199,..
Armenia,ARM,"Educational attainment, at least completed lower secondary, population 25+, total (%) (cumulative)",SE.SEC.CUAT.LO.ZS,99.4843340130205,99.6308463265973,96.4700012207031,99.1356564599215,98.7697525024414,99.1434326171875,..
Armenia,ARM,"Educational attainment, at least completed post-secondary, population 25+, total (%) (cumulative)",SE.SEC.CUAT.PO.ZS,50.2304503267111,53.1227483072284,46.5200004577637,54.2532991310583,53.1628478798185,52.4674283801442,..
Armenia,ARM,"Educational attainment, at least completed primary, population 25+ years, total (%) (cumulative)",SE.PRM.CUAT.ZS,99.8112143452258,99.8088847959422,99.3399963378906,99.7677446110385,99.6643218994141,99.6526870727539,..
Armenia,ARM,"Educational attainment, at least completed short-cycle tertiary, population 25+, total (%) (cumulative)",SE.TER.CUAT.ST.ZS,..,..,43.3199996948242,..,..,..,..
Armenia,ARM,"Educational attainment, at least completed upper secondary, population 25+, total (%) (cumulative)",SE.SEC.CUAT.UP.ZS,94.4654445463654,94.7464467221341,89.879997253418,94.7174619293061,91.6414184570312,92.7667388916016,..
Armenia,ARM,"Educational attainment, at least Master's or equivalent, population 25+, total (%) (cumulative)",SE.TER.CUAT.MS.ZS,..,19.4534693180437,20.2749236872195,21.0153176214074,20.923675007348,21.880413223798,..
Armenia,ARM,"Educational attainment, Doctoral or equivalent, population 25+, total (%) (cumulative)",SE.TER.CUAT.DO.ZS,0.841815058603704,0.849993357718334,0.730791186740069,0.914117581818834,1.15210010967844,0.939641902556647,..
Austria,AUT,"Educational attainment, at least Bachelor's or equivalent, population 25+, total (%) (cumulative)",SE.TER.CUAT.BA.ZS,14.7956089091719,15.3599996566772,15.9696032098267,16.6050665122676,..,..,..
Austria,AUT,"Educational attainment, at least completed lower secondary, population 25+, total (%) (cumulative)",SE.SEC.CUAT.LO.ZS,98.931992061047,98.8267504410167,98.9565351673245,98.7793888963759,..,..,..
Austria,AUT,"Educational attainment, at least completed post-secondary, population 25+, total (%) (cumulative)",SE.SEC.CUAT.PO.ZS,31.2313404768137,32.1199989318848,32.3859698792452,33.1902158328601,..,..,..
Austria,AUT,"Educational attainment, at least completed primary, population 25+ years, total (%) (cumulative)",SE.PRM.CUAT.ZS,100,100,100,100,100,100,..
Austria,AUT,"Educational attainment, at least completed short-cycle tertiary, population 25+, total (%) (cumulative)",SE.TER.CUAT.ST.ZS,29.0104736763314,29.8700008392334,30.1284106416702,30.679198864767,..,21.3424698378783,..
Austria,AUT,"Educational attainment, at least completed upper secondary, population 25+, total (%) (cumulative)",SE.SEC.CUAT.UP.ZS,80.0708180825642,80.6699981689453,80.9440184335445,81.454239120584,82.0893352573971,82.5592927591342,..
Austria,AUT,"Educational attainment, at least Master's or equivalent, population 25+, total (%) (cumulative)",SE.TER.CUAT.MS.ZS,11.8494850493685,12.0699996948242,12.4190458303179,12.767019754187,..,..,..
Austria,AUT,"Educational attainment, Doctoral or equivalent, population 25+, total (%) (cumulative)",SE.TER.CUAT.DO.ZS,0.941148314188111,1.01999998092651,0.998389064793127,0.971774978568379,..,..,..
Azerbaijan,AZE,"Educational attainment, at least Bachelor's or equivalent, population 25+, total (%) (cumulative)",SE.TER.CUAT.BA.ZS,15.7299995422363,15.7200002670288,..,..,..,17.6700000762939,..
Azerbaijan,AZE,"Educational attainment, at least completed lower secondary, population 25+, total (%) (cumulative)",SE.SEC.CUAT.LO.ZS,95.4899978637695,95.5199966430664,..,..,..,98.1900024414062,..
Azerbaijan,AZE,"Educational attainment, at least completed post-secondary, population 25+, total (%) (cumulative)",SE.SEC.CUAT.PO.ZS,30.0599994659424,30.0200004577637,..,..,..,32.5299987792969,..
Azerbaijan,AZE,"Educational attainment, at least completed primary, population 25+ years, total (%) (cumulative)",SE.PRM.CUAT.ZS,98.4899978637695,98.5100021362305,..,..,..,99.9400024414062,..
Azerbaijan,AZE,"Educational attainment, at least completed short-cycle tertiary, population 25+, total (%) (cumulative)",SE.TER.CUAT.ST.ZS,25.4300003051758,25.3999996185303,..,..,..,27.6599998474121,..
Azerbaijan,AZE,"Educational attainment, at least completed upper secondary, population 25+, total (%) (cumulative)",SE.SEC.CUAT.UP.ZS,88.4300003051758,88.4199981689453,..,..,..,91.8099975585938,..
Azerbaijan,AZE,"Educational attainment, at least Master's or equivalent, population 25+, total (%) (cumulative)",SE.TER.CUAT.MS.ZS,..,..,..,..,..,10.3000001907349,..
Azerbaijan,AZE,"Educational attainment, Doctoral or equivalent, population 25+, total (%) (cumulative)",SE.TER.CUAT.DO.ZS,..,..,..,..,..,0.360000014305115,..
Belarus,BLR,"Educational attainment, at least Bachelor's or equivalent, population 25+, total (%) (cumulative)",SE.TER.CUAT.BA.ZS,..,28.2999992370606,..,..,..,..,..
Belarus,BLR,"Educational attainment, at least completed lower secondary, population 25+, total (%) (cumulative)",SE.SEC.CUAT.LO.ZS,..,98.1699981689453,..,..,..,..,..
Belarus,BLR,"Educational attainment, at least completed post-secondary, population 25+, total (%) (cumulative)",SE.SEC.CUAT.PO.ZS,..,73.7699966430664,..,..,..,..,..
Belarus,BLR,"Educational attainment, at least completed primary, population 25+ years, total (%) (cumulative)",SE.PRM.CUAT.ZS,99.8845723727163,99.7900009155273,99.8883669915972,99.8727992885486,99.8865606695736,99.8727964322377,..
Belarus,BLR,"Educational attainment, at least completed short-cycle tertiary, population 25+, total (%) (cumulative)",SE.TER.CUAT.ST.ZS,..,60.689998626709,..,..,..,..,..
Belarus,BLR,"Educational attainment, at least completed upper secondary, population 25+, total (%) (cumulative)",SE.SEC.CUAT.UP.ZS,97.4142697820584,94.7399978637695,97.6255870924055,97.5256860683346,97.8953833172194,97.890668183791,..
Belarus,BLR,"Educational attainment, at least Master's or equivalent, population 25+, total (%) (cumulative)",SE.TER.CUAT.MS.ZS,..,0.920000016689301,..,..,..,..,..
Belarus,BLR,"Educational attainment, Doctoral or equivalent, population 25+, total (%) (cumulative)",SE.TER.CUAT.DO.ZS,..,0.300000011920929,..,..,..,..,..
Belgium,BEL,"Educational attainment, at least Bachelor's or equivalent, population 25+, total (%) (cumulative)",SE.TER.CUAT.BA.ZS,33.7888681088514,35.2999992370605,35.4660797015242,37.5813460756875,36.307492413537,37.4110337879949,..
Belgium,BEL,"Educational attainment, at least completed lower secondary, population 25+, total (%) (cumulative)",SE.SEC.CUAT.LO.ZS,87.3258293777923,88.4300003051758,88.2376237341186,88.5607173632664,88.7167430084043,88.857280524325,..
Belgium,BEL,"Educational attainment, at least completed post-secondary, population 25+, total (%) (cumulative)",SE.SEC.CUAT.PO.ZS,35.3145695496548,37.0699996948242,37.3419961174088,39.8384313167123,38.3174323634107,39.4220903547413,..
Belgium,BEL,"Educational attainment, at least completed primary, population 25+ years, total (%) (cumulative)",SE.PRM.CUAT.ZS,96.3901205798086,96.7399978637695,96.4263167971323,96.6589698566097,95.9781781143468,95.765030263736,..
Belgium,BEL,"Educational attainment, at least completed short-cycle tertiary, population 25+, total (%) (cumulative)",SE.TER.CUAT.ST.ZS,34.2585432588452,35.7999992370605,36.1531306581105,38.2544047780285,37.0406069473141,37.9376161084135,..
Belgium,BEL,"Educational attainment, at least completed upper secondary, population 25+, total (%) (cumulative)",SE.SEC.CUAT.UP.ZS,70.0668254662657,71.4499969482422,72.139644732898,73.6399120754637,73.6852679280953,74.4232374318134,..
Belgium,BEL,"Educational attainment, at least Master's or equivalent, population 25+, total (%) (cumulative)",SE.TER.CUAT.MS.ZS,14.9163007195345,15.6199998855591,15.511210434101,16.4812017809977,15.3895890659186,16.0346614884129,..
Belgium,BEL,"Educational attainment, Doctoral or equivalent, population 25+, total (%) (cumulative)",SE.TER.CUAT.DO.ZS,0.77105244539055,0.600000023841858,0.578005048313564,0.834014625540077,0.958095064170155,0.975638331331699,..
Bosnia and Herzegovina,BIH,"Educational attainment, at least Bachelor's or equivalent, population 25+, total (%) (cumulative)",SE.TER.CUAT.BA.ZS,7.75,6.99684916435059,10.5900001525879,11.7022443213504,12.289999961853,11.2760298314996,..
Bosnia and Herzegovina,BIH,"Educational attainment, at least completed lower secondary, population 25+, total (%) (cumulative)",SE.SEC.CUAT.LO.ZS,81.3600006103516,..,88.1699981689453,..,91.0299987792969,..,..
Bosnia and Herzegovina,BIH,"Educational attainment, at least completed post-secondary, population 25+, total (%) (cumulative)",SE.SEC.CUAT.PO.ZS,11.8599996566772,8.04686575133199,13.6899995803833,..,15.1400003433228,19.2392534620708,..
Bosnia and Herzegovina,BIH,"Educational attainment, at least completed primary, population 25+ years, total (%) (cumulative)",SE.PRM.CUAT.ZS,87.6100006103516,82.1134328866181,91.4199981689453,90.3940753152383,95.3600006103516,91.3951215520506,..
Bosnia and Herzegovina,BIH,"Educational attainment, at least completed short-cycle tertiary, population 25+, total (%) (cumulative)",SE.TER.CUAT.ST.ZS,10.8400001525879,6.99684916435059,13.1199998855591,11.7022443213504,14.539999961853,12.7694561708504,..
Bosnia and Herzegovina,BIH,"Educational attainment, at least completed upper secondary, population 25+, total (%) (cumulative)",SE.SEC.CUAT.UP.ZS,63.5099983215332,62.9002278405043,69.0899963378906,71.1498119603508,72.3199996948242,72.0473875223632,..
Bosnia and Herzegovina,BIH,"Educational attainment, at least Master's or equivalent, population 25+, total (%) (cumulative)",SE.TER.CUAT.MS.ZS,1.12000000476837,1.12485443845779,1.57000005245209,1.83445869301698,1.96000003814697,2.02467934620046,..
Bosnia and Herzegovina,BIH,"Educational attainment, Doctoral or equivalent, population 25+, total (%) (cumulative)",SE.TER.CUAT.DO.ZS,0.189999997615814,0.231815859955022,0.180000007152557,0.20052580215801,0.209999993443489,0.205956670181246,..
Bulgaria,BGR,"Educational attainment, at least Bachelor's or equivalent, population 25+, total (%) (cumulative)",SE.TER.CUAT.BA.ZS,25.6485708559124,24.7581654284502,26.0499992370606,26.2469395787288,26.0069599701843,26.3688540109966,..
Bulgaria,BGR,"Educational attainment, at least completed lower secondary, population 25+, total (%) (cumulative)",SE.SEC.CUAT.LO.ZS,95.6816187377924,95.3755938978708,95.6699981689453,96.1504706853202,96.1197606413476,96.9637959598109,..
Bulgaria,BGR,"Educational attainment, at least completed post-secondary, population 25+, total (%) (cumulative)",SE.SEC.CUAT.PO.ZS,26.018898200181,25.088540364632,26.0499992370606,26.6519399187998,26.2808790038911,26.6898161756616,..
Bulgaria,BGR,"Educational attainment, at least completed primary, population 25+ years, total (%) (cumulative)",SE.PRM.CUAT.ZS,99.1147089080021,99.0460088666428,99.1901100807155,99.1945366758273,99.1737718755536,99.2355703499393,..
Bulgaria,BGR,"Educational attainment, at least completed short-cycle tertiary, population 25+, total (%) (cumulative)",SE.TER.CUAT.ST.ZS,..,..,..,..,..,..,..
Bulgaria,BGR,"Educational attainment, at least completed upper secondary, population 25+, total (%) (cumulative)",SE.SEC.CUAT.UP.ZS,77.3435588476829,76.6335894620298,77.7799987792969,78.661019074088,79.0050510077588,80.193131845955,..
Bulgaria,BGR,"Educational attainment, at least Master's or equivalent, population 25+, total (%) (cumulative)",SE.TER.CUAT.MS.ZS,18.6340959864171,18.2397647132019,18.8300864347443,19.0020978620308,18.3902863998762,18.87150273256,..
Bulgaria,BGR,"Educational attainment, Doctoral or equivalent, population 25+, total (%) (cumulative)",SE.TER.CUAT.DO.ZS,0.310267860164624,0.30319706728816,0.277146789774433,0.317635218639837,0.278142581639058,0.318948950065204,..
Channel Islands,CHI,"Educational attainment, at least Bachelor's or equivalent, population 25+, total (%) (cumulative)",SE.TER.CUAT.BA.ZS,..,..,..,..,..,..,..
Channel Islands,CHI,"Educational attainment, at least completed lower secondary, population 25+, total (%) (cumulative)",SE.SEC.CUAT.LO.ZS,..,..,..,..,..,..,..
Channel Islands,CHI,"Educational attainment, at least completed post-secondary, population 25+, total (%) (cumulative)",SE.SEC.CUAT.PO.ZS,..,..,..,..,..,..,..
Channel Islands,CHI,"Educational attainment, at least completed primary, population 25+ years, total (%) (cumulative)",SE.PRM.CUAT.ZS,..,..,..,..,..,..,..
Channel Islands,CHI,"Educational attainment, at least completed short-cycle tertiary, population 25+, total (%) (cumulative)",SE.TER.CUAT.ST.ZS,..,..,..,..,..,..,..
Channel Islands,CHI,"Educational attainment, at least completed upper secondary, population 25+, total (%) (cumulative)",SE.SEC.CUAT.UP.ZS,..,..,..,..,..,..,..
Channel Islands,CHI,"Educational attainment, at least Master's or equivalent, population 25+, total (%) (cumulative)",SE.TER.CUAT.MS.ZS,..,..,..,..,..,..,..
Channel Islands,CHI,"Educational attainment, Doctoral or equivalent, population 25+, total (%) (cumulative)",SE.TER.CUAT.DO.ZS,..,..,..,..,..,..,..
Croatia,HRV,"Educational attainment, at least Bachelor's or equivalent, population 25+, total (%) (cumulative)",SE.TER.CUAT.BA.ZS,17.9101952525657,18.0368060747983,18.8266372713644,19.2986945617446,19.6929512894322,21.9618380926261,..
Croatia,HRV,"Educational attainment, at least completed lower secondary, population 25+, total (%) (cumulative)",SE.SEC.CUAT.LO.ZS,93.1931766095692,93.6818847904908,94.5990756982615,95.1594184792825,95.5198201417807,95.7429492250304,..
Croatia,HRV,"Educational attainment, at least completed post-secondary, population 25+, total (%) (cumulative)",SE.SEC.CUAT.PO.ZS,22.7722440487847,22.6993557251682,23.0411866472747,23.2777740191747,23.4559760578485,25.5602639891871,..
Croatia,HRV,"Educational attainment, at least completed primary, population 25+ years, total (%) (cumulative)",SE.PRM.CUAT.ZS,99.0925165773267,99.0961588406128,99.2305419042999,99.2360372809174,99.3464696769586,99.4704870793649,..
Croatia,HRV,"Educational attainment, at least completed short-cycle tertiary, population 25+, total (%) (cumulative)",SE.TER.CUAT.ST.ZS,22.7722440487847,22.6993557251682,23.0411866472747,23.2777740191747,23.4559760578485,25.5602639891871,..
Croatia,HRV,"Educational attainment, at least completed upper secondary, population 25+, total (%) (cumulative)",SE.SEC.CUAT.UP.ZS,75.9294495069669,76.7432110062647,77.8751961615857,79.2693838869089,80.2918126045041,81.3520408036277,..
Croatia,HRV,"Educational attainment, at least Master's or equivalent, population 25+, total (%) (cumulative)",SE.TER.CUAT.MS.ZS,14.4412287421971,14.2820068522478,14.7067791416805,15.4579138423749,15.5151089268848,17.0441554624336,..
Croatia,HRV,"Educational attainment, Doctoral or equivalent, population 25+, total (%) (cumulative)",SE.TER.CUAT.DO.ZS,0.616016638468364,0.592400618664332,0.553225581084296,0.727611834963694,0.716227567162901,0.84844302293195,..
Cyprus,CYP,"Educational attainment, at least Bachelor's or equivalent, population 25+, total (%) (cumulative)",SE.TER.CUAT.BA.ZS,28.5599994659424,28.8714063332707,29.7999992370606,31.7848796332922,33.1646376632781,34.7165099830882,..
Cyprus,CYP,"Educational attainment, at least completed lower secondary, population 25+, total (%) (cumulative)",SE.SEC.CUAT.LO.ZS,81.7699966430664,81.8265369736052,82.9199981689453,84.6264286096398,85.8635113423505,85.9158256273032,..
Cyprus,CYP,"Educational attainment, at least completed post-secondary, population 25+, total (%) (cumulative)",SE.SEC.CUAT.PO.ZS,39.1699981689453,39.4722023304531,40.1199989318848,42.7269158621619,43.4773502070429,45.172191340499,..
Cyprus,CYP,"Educational attainment, at least completed primary, population 25+ years, total (%) (cumulative)",SE.PRM.CUAT.ZS,95.5800018310547,95.4170968243336,95.9899978637695,96.9952718928166,97.4122414269736,97.1161650358433,..
Cyprus,CYP,"Educational attainment, at least completed short-cycle tertiary, population 25+, total (%) (cumulative)",SE.TER.CUAT.ST.ZS,37.7900009155273,38.0793584197607,38.6300010681152,41.0854861463531,42.2143544932026,43.8840364902164,..
Cyprus,CYP,"Educational attainment, at least completed upper secondary, population 25+, total (%) (cumulative)",SE.SEC.CUAT.UP.ZS,72.9800033569336,73.3406585636693,74.4700012207031,76.4441402590559,77.6551767374596,78.2866909362192,..
Cyprus,CYP,"Educational attainment, at least Master's or equivalent, population 25+, total (%) (cumulative)",SE.TER.CUAT.MS.ZS,12.210000038147,12.7002815064583,13.4300003051758,14.0481799074449,15.128072302556,15.9346633926381,..
Cyprus,CYP,"Educational attainment, Doctoral or equivalent, population 25+, total (%) (cumulative)",SE.TER.CUAT.DO.ZS,0.75,0.739153537560512,1.04999995231628,1.06894069400101,1.02388495376574,0.926446714916102,..
Czechia,CZE,"Educational attainment, at least Bachelor's or equivalent, population 25+, total (%) (cumulative)",SE.TER.CUAT.BA.ZS,21.001915509847,20.9099998474121,21.385169111864,22.8479930525605,22.2876637269128,21.9581005821149,..
Czechia,CZE,"Educational attainment, at least completed lower secondary, population 25+, total (%) (cumulative)",SE.SEC.CUAT.LO.ZS,99.8092668379265,99.8099975585938,99.8262081767836,99.8459604415551,99.8366882546239,99.8571426477727,..
Czechia,CZE,"Educational attainment, at least completed post-secondary, population 25+, total (%) (cumulative)",SE.SEC.CUAT.PO.ZS,..,..,..,..,..,..,..
Czechia,CZE,"Educational attainment, at least completed primary, population 25+ years, total (%) (cumulative)",SE.PRM.CUAT.ZS,99.8769058340554,99.8600006103516,99.8600118954528,99.8710705958031,99.882801935197,99.8862949448944,..
Czechia,CZE,"Educational attainment, at least completed short-cycle tertiary, population 25+, total (%) (cumulative)",SE.TER.CUAT.ST.ZS,21.1270080659813,21.0100002288818,21.4751385904152,22.96852473267,22.3932234493521,22.0475927079592,..
Czechia,CZE,"Educational attainment, at least completed upper secondary, population 25+, total (%) (cumulative)",SE.SEC.CUAT.UP.ZS,90.5812617260621,90.6699981689453,90.9993348123296,91.4344095231847,91.3589555303177,91.3880308548045,..
Czechia,CZE,"Educational attainment, at least Master's or equivalent, population 25+, total (%) (cumulative)",SE.TER.CUAT.MS.ZS,16.2438162317367,16,16.3814193312314,17.713226629022,17.1388009922914,16.6337049927878,..
Czechia,CZE,"Educational attainment, Doctoral or equivalent, population 25+, total (%) (cumulative)",SE.TER.CUAT.DO.ZS,0.70046742626062,0.680000007152557,0.760897600709578,0.818723541719852,0.627514316175502,0.741046297079685,..
Denmark,DNK,"Educational attainment, at least Bachelor's or equivalent, population 25+, total (%) (cumulative)",SE.TER.CUAT.BA.ZS,32.3600006103516,31.5225927146297,33.0900001525879,32.7225268444934,33.0808151718898,33.6215669364704,..
Denmark,DNK,"Educational attainment, at least completed lower secondary, population 25+, total (%) (cumulative)",SE.SEC.CUAT.LO.ZS,93.8099975585938,90.8996169127443,95.1500015258789,92.3302594838457,92.7293668451066,93.2553048480188,..
Denmark,DNK,"Educational attainment, at least completed post-secondary, population 25+, total (%) (cumulative)",SE.SEC.CUAT.PO.ZS,37.1199989318848,36.1817602394205,38.0200004577637,37.3742043144143,37.8661926541349,38.5334287185228,..
Denmark,DNK,"Educational attainment, at least completed primary, population 25+ years, total (%) (cumulative)",SE.PRM.CUAT.ZS,100,100,100,100,100,100,..
Denmark,DNK,"Educational attainment, at least completed short-cycle tertiary, population 25+, total (%) (cumulative)",SE.TER.CUAT.ST.ZS,37.1199989318848,35.9508206440076,37.7400016784668,37.152012500345,37.6372262212705,38.2726956618589,..
Denmark,DNK,"Educational attainment, at least completed upper secondary, population 25+, total (%) (cumulative)",SE.SEC.CUAT.UP.ZS,79.2799987792969,77.0355227639042,79.3199996948242,77.7216621761722,77.638493070176,78.0609216351925,..
Denmark,DNK,"Educational attainment, at least Master's or equivalent, population 25+, total (%) (cumulative)",SE.TER.CUAT.MS.ZS,12.7299995422363,12.5439342612528,13.4799995422363,13.2839212491456,13.4268019896667,14.027650528667,..
Denmark,DNK,"Educational attainment, Doctoral or equivalent, population 25+, total (%) (cumulative)",SE.TER.CUAT.DO.ZS,0.779999971389771,1.0445867769897,1.12999999523163,1.07727184377781,1.13650347287102,1.25328939014803,..
Estonia,EST,"Educational attainment, at least Bachelor's or equivalent, population 25+, total (%) (cumulative)",SE.TER.CUAT.BA.ZS,..,..,30.8500003814697,31.7315850010193,32.6601680552965,32.9437276359698,..
Estonia,EST,"Educational attainment, at least completed lower secondary, population 25+, total (%) (cumulative)",SE.SEC.CUAT.LO.ZS,..,..,97.8199996948242,98.9357811866929,98.7049872961791,98.6947861078892,..
Estonia,EST,"Educational attainment, at least completed post-secondary, population 25+, total (%) (cumulative)",SE.SEC.CUAT.PO.ZS,..,..,48.5900001525879,47.4262101099317,49.0682356512594,49.5328118346207,..
Estonia,EST,"Educational attainment, at least completed primary, population 25+ years, total (%) (cumulative)",SE.PRM.CUAT.ZS,..,..,99.7799987792969,99.820175349462,99.8825689398255,99.868209606531,..
Estonia,EST,"Educational attainment, at least completed short-cycle tertiary, population 25+, total (%) (cumulative)",SE.TER.CUAT.ST.ZS,40.2900009155273,..,39.5,38.5557203379412,39.7782214638441,39.8767550806596,..
Estonia,EST,"Educational attainment, at least completed upper secondary, population 25+, total (%) (cumulative)",SE.SEC.CUAT.UP.ZS,87.629997253418,..,85.7600021362305,85.8408003189708,86.4713100533557,86.6171537463114,..
Estonia,EST,"Educational attainment, at least Master's or equivalent, population 25+, total (%) (cumulative)",SE.TER.CUAT.MS.ZS,..,..,21.2399997711182,21.2523023645244,21.7659920622944,21.7806120891316,..
Estonia,EST,"Educational attainment, Doctoral or equivalent, population 25+, total (%) (cumulative)",SE.TER.CUAT.DO.ZS,..,..,0.930000007152557,0.707305182032819,0.821705480283422,0.718256044263215,..
Faroe Islands,FRO,"Educational attainment, at least Bachelor's or equivalent, population 25+, total (%) (cumulative)",SE.TER.CUAT.BA.ZS,..,..,..,..,..,..,..
Faroe Islands,FRO,"Educational attainment, at least completed lower secondary, population 25+, total (%) (cumulative)",SE.SEC.CUAT.LO.ZS,..,..,..,..,..,..,..
Faroe Islands,FRO,"Educational attainment, at least completed post-secondary, population 25+, total (%) (cumulative)",SE.SEC.CUAT.PO.ZS,..,..,..,..,..,..,..
Faroe Islands,FRO,"Educational attainment, at least completed primary, population 25+ years, total (%) (cumulative)",SE.PRM.CUAT.ZS,..,..,..,..,..,..,..
Faroe Islands,FRO,"Educational attainment, at least completed short-cycle tertiary, population 25+, total (%) (cumulative)",SE.TER.CUAT.ST.ZS,..,..,..,..,..,..,..
Faroe Islands,FRO,"Educational attainment, at least completed upper secondary, population 25+, total (%) (cumulative)",SE.SEC.CUAT.UP.ZS,..,..,..,..,..,..,..
Faroe Islands,FRO,"Educational attainment, at least Master's or equivalent, population 25+, total (%) (cumulative)",SE.TER.CUAT.MS.ZS,..,..,..,..,..,..,..
Faroe Islands,FRO,"Educational attainment, Doctoral or equivalent, population 25+, total (%) (cumulative)",SE.TER.CUAT.DO.ZS,..,..,..,..,..,..,..
Finland,FIN,"Educational attainment, at least Bachelor's or equivalent, population 25+, total (%) (cumulative)",SE.TER.CUAT.BA.ZS,28.0847371207921,25.9400005340576,30.2859658436355,28.5318439255576,28.8638220877644,29.8881473990903,..
Finland,FIN,"Educational attainment, at least completed lower secondary, population 25+, total (%) (cumulative)",SE.SEC.CUAT.LO.ZS,88.2568606109291,88.8143212742586,89.7092041113811,90.3211822446492,91.2176210171085,91.7207840019218,..
Finland,FIN,"Educational attainment, at least completed post-secondary, population 25+, total (%) (cumulative)",SE.SEC.CUAT.PO.ZS,40.9936173890936,37.5699996948242,42.73804179674,38.9961058795627,39.6287949355556,40.3022795249719,..
Finland,FIN,"Educational attainment, at least completed primary, population 25+ years, total (%) (cumulative)",SE.PRM.CUAT.ZS,100,100,100,100,100,100,..
Finland,FIN,"Educational attainment, at least completed short-cycle tertiary, population 25+, total (%) (cumulative)",SE.TER.CUAT.ST.ZS,40.0704647242748,36.4799995422363,41.4179121222003,37.8464590875181,38.2714185136596,38.8560087037551,..
Finland,FIN,"Educational attainment, at least completed upper secondary, population 25+, total (%) (cumulative)",SE.SEC.CUAT.UP.ZS,80.5879813171853,77.4499969482422,82.2440854646059,81.4573242561531,81.4098120073436,82.0747215050785,..
Finland,FIN,"Educational attainment, at least Master's or equivalent, population 25+, total (%) (cumulative)",SE.TER.CUAT.MS.ZS,13.9598448070885,12.6999998092651,14.661787418914,14.4499504497881,14.4692820636239,14.9187396822385,..
Finland,FIN,"Educational attainment, Doctoral or equivalent, population 25+, total (%) (cumulative)",SE.TER.CUAT.DO.ZS,1.19446975085624,1.23000001907349,1.37176429750279,1.2844753197544,1.39460539491997,1.58122674726,..
France,FRA,"Educational attainment, at least Bachelor's or equivalent, population 25+, total (%) (cumulative)",SE.TER.CUAT.BA.ZS,19.2230115180777,19.7000007629394,20.9787726562609,22.9350666621263,23.5888817236364,24.3546212580131,..
France,FRA,"Educational attainment, at least completed lower secondary, population 25+, total (%) (cumulative)",SE.SEC.CUAT.LO.ZS,84.9328999371132,85.5999984741211,86.4647576771151,90.7347194200938,91.042855672505,91.6159036525416,..
France,FRA,"Educational attainment, at least completed post-secondary, population 25+, total (%) (cumulative)",SE.SEC.CUAT.PO.ZS,31.609806728064,32.2999992370605,33.8622229007345,35.9849270237138,36.7356450911516,37.4195254038379,..
France,FRA,"Educational attainment, at least completed primary, population 25+ years, total (%) (cumulative)",SE.PRM.CUAT.ZS,97.5416431510084,97.6699981689453,97.9209006455855,100,100,100,..
France,FRA,"Educational attainment, at least completed short-cycle tertiary, population 25+, total (%) (cumulative)",SE.TER.CUAT.ST.ZS,31.4932524195543,32.1699981689453,33.7359479304103,35.809274219102,36.5377590168389,37.2115631431572,..
France,FRA,"Educational attainment, at least completed upper secondary, population 25+, total (%) (cumulative)",SE.SEC.CUAT.UP.ZS,71.153117074531,72.1900024414062,73.3635315888032,76.7527928388629,77.6175811257937,78.0396655209166,..
France,FRA,"Educational attainment, at least Master's or equivalent, population 25+, total (%) (cumulative)",SE.TER.CUAT.MS.ZS,10.2605876280219,10.5100002288818,11.3593696161229,12.5321030507337,12.8964817304402,13.455117806973,..
France,FRA,"Educational attainment, Doctoral or equivalent, population 25+, total (%) (cumulative)",SE.TER.CUAT.DO.ZS,0.832355666804812,0.850000023841858,0.890448758485813,0.92890367427998,0.942141901973112,1.06558989943445,..
Georgia,GEO,"Educational attainment, at least Bachelor's or equivalent, population 25+, total (%) (cumulative)",SE.TER.CUAT.BA.ZS,34.8497581481934,33.6699981689453,33.1648554684105,33.5340058252349,34.0200004577637,34.1964912414551,33.689998626709
Georgia,GEO,"Educational attainment, at least completed lower secondary, population 25+, total (%) (cumulative)",SE.SEC.CUAT.LO.ZS,93.1419982910156,97.6600036621094,..,98.2773368510547,98.4300003051758,98.2819595336914,98.629997253418
Georgia,GEO,"Educational attainment, at least completed post-secondary, population 25+, total (%) (cumulative)",SE.SEC.CUAT.PO.ZS,57.9514686582899,57,55.1197047604292,54.334284560371,54.0699996948242,53.7755895454522,52.8600006103516
Georgia,GEO,"Educational attainment, at least completed primary, population 25+ years, total (%) (cumulative)",SE.PRM.CUAT.ZS,97.787467956543,99.1900024414062,99.2970391275653,99.3530274063604,99.3499984741211,99.3713989257812,99.5800018310547
Georgia,GEO,"Educational attainment, at least completed short-cycle tertiary, population 25+, total (%) (cumulative)",SE.TER.CUAT.ST.ZS,33.8729796286608,33.7000007629395,33.1648554684105,33.5340058252349,34.0299987792969,34.5390694989075,33.7000007629395
Georgia,GEO,"Educational attainment, at least completed upper secondary, population 25+, total (%) (cumulative)",SE.SEC.CUAT.UP.ZS,92.3965398062412,92.1699981689453,92.48141173712,92.5888211045913,92.8600006103516,92.5722427368164,93.5
Georgia,GEO,"Educational attainment, at least Master's or equivalent, population 25+, total (%) (cumulative)",SE.TER.CUAT.MS.ZS,26.728683307834,26.3600006103516,25.6726654235575,25.7932876235649,26.1499996185303,26.4408304834981,24.9400005340576
Georgia,GEO,"Educational attainment, Doctoral or equivalent, population 25+, total (%) (cumulative)",SE.TER.CUAT.DO.ZS,0.55796165498321,0.509999990463257,0.440999320093516,0.347912047189879,0.400000005960464,0.539735255701255,0.519999980926514
Germany,DEU,"Educational attainment, at least Bachelor's or equivalent, population 25+, total (%) (cumulative)",SE.TER.CUAT.BA.ZS,25.1499996185303,27.1979771669262,28.3500003814697,29.4035109811968,29.575744126838,30.5294541601323,..
Germany,DEU,"Educational attainment, at least completed lower secondary, population 25+, total (%) (cumulative)",SE.SEC.CUAT.LO.ZS,96.3300018310547,96.3561625677397,95.6800003051758,..,94.7800091310913,94.7810223403315,..
Germany,DEU,"Educational attainment, at least completed post-secondary, population 25+, total (%) (cumulative)",SE.SEC.CUAT.PO.ZS,35.5900001525879,38.1207117388982,39.5299987792969,39.8979770808458,40.6190440937803,42.4252277146632,..
Germany,DEU,"Educational attainment, at least completed primary, population 25+ years, total (%) (cumulative)",SE.PRM.CUAT.ZS,100,100,100,100,100,100,..
Germany,DEU,"Educational attainment, at least completed short-cycle tertiary, population 25+, total (%) (cumulative)",SE.TER.CUAT.ST.ZS,25.7399997711182,27.8391136593667,28.8999996185303,30.0148589424064,30.2490310190636,..,..
Germany,DEU,"Educational attainment, at least completed upper secondary, population 25+, total (%) (cumulative)",SE.SEC.CUAT.UP.ZS,83.4599990844727,84.3155578699176,83.6999969482422,81.6805888379566,81.4180852571742,81.86753991238,..
Germany,DEU,"Educational attainment, at least Master's or equivalent, population 25+, total (%) (cumulative)",SE.TER.CUAT.MS.ZS,11.1999998092651,12.3147693025028,12.4799995422363,12.5420203896269,12.4182338373118,12.6977102854952,..
Germany,DEU,"Educational attainment, Doctoral or equivalent, population 25+, total (%) (cumulative)",SE.TER.CUAT.DO.ZS,1.25,1.38814976678443,1.50999999046326,1.73639453907656,1.80303695856779,1.85658852830127,..
Gibraltar,GIB,"Educational attainment, at least Bachelor's or equivalent, population 25+, total (%) (cumulative)",SE.TER.CUAT.BA.ZS,..,..,..,..,..,..,..
Gibraltar,GIB,"Educational attainment, at least completed lower secondary, population 25+, total (%) (cumulative)",SE.SEC.CUAT.LO.ZS,..,..,..,..,..,..,..
Gibraltar,GIB,"Educational attainment, at least completed post-secondary, population 25+, total (%) (cumulative)",SE.SEC.CUAT.PO.ZS,..,..,..,..,..,..,..
Gibraltar,GIB,"Educational attainment, at least completed primary, population 25+ years, total (%) (cumulative)",SE.PRM.CUAT.ZS,..,..,..,..,..,..,..
Gibraltar,GIB,"Educational attainment, at least completed short-cycle tertiary, population 25+, total (%) (cumulative)",SE.TER.CUAT.ST.ZS,..,..,..,..,..,..,..
Gibraltar,GIB,"Educational attainment, at least completed upper secondary, population 25+, total (%) (cumulative)",SE.SEC.CUAT.UP.ZS,..,..,..,..,..,..,..
Gibraltar,GIB,"Educational attainment, at least Master's or equivalent, population 25+, total (%) (cumulative)",SE.TER.CUAT.MS.ZS,..,..,..,..,..,..,..
Gibraltar,GIB,"Educational attainment, Doctoral or equivalent, population 25+, total (%) (cumulative)",SE.TER.CUAT.DO.ZS,..,..,..,..,..,..,..
Greece,GRC,"Educational attainment, at least Bachelor's or equivalent, population 25+, total (%) (cumulative)",SE.TER.CUAT.BA.ZS,24.1726354055762,24.4034378297833,26.0400009155273,28.1758626025841,28.9304521780928,28.0326523757238,28.9360360146749
Greece,GRC,"Educational attainment, at least completed lower secondary, population 25+, total (%) (cumulative)",SE.SEC.CUAT.LO.ZS,72.2671000415837,72.8347351317939,73.6600036621094,75.618399531291,76.9786448724992,77.2810903350756,78.3811408691928
Greece,GRC,"Educational attainment, at least completed post-secondary, population 25+, total (%) (cumulative)",SE.SEC.CUAT.PO.ZS,33.4398927278963,33.5626567966108,34.8300018310547,36.3093903906444,36.5751083591061,36.1350789160258,37.2714993928397
Greece,GRC,"Educational attainment, at least completed primary, population 25+ years, total (%) (cumulative)",SE.PRM.CUAT.ZS,96.0224606721232,96.3623148650274,96.4700012207031,96.8955439089703,97.3204474905455,97.5472145099617,97.5156852971988
Greece,GRC,"Educational attainment, at least completed short-cycle tertiary, population 25+, total (%) (cumulative)",SE.TER.CUAT.ST.ZS,25.9468701315296,26.1220980713738,26.8099994659424,28.9231465046194,29.535512423883,28.7829652017373,29.6246579880532
Greece,GRC,"Educational attainment, at least completed upper secondary, population 25+, total (%) (cumulative)",SE.SEC.CUAT.UP.ZS,60.8410897947138,63.7433566329741,65.2699966430664,67.1153373107718,68.6307355962189,68.8763094608987,70.1223130158752
Greece,GRC,"Educational attainment, at least Master's or equivalent, population 25+, total (%) (cumulative)",SE.TER.CUAT.MS.ZS,3.35387638285136,6.07135599815107,6.84999990463257,7.04406979609608,7.58086295683145,7.68358281502636,8.44345600888135
Greece,GRC,"Educational attainment, Doctoral or equivalent, population 25+, total (%) (cumulative)",SE.TER.CUAT.DO.ZS,0.566690409833304,0.720053897206005,0.720000028610229,0.68620106958791,0.80024203612341,0.731292406713653,0.726684227102461
Greenland,GRL,"Educational attainment, at least Bachelor's or equivalent, population 25+, total (%) (cumulative)",SE.TER.CUAT.BA.ZS,..,..,..,..,..,..,..
Greenland,GRL,"Educational attainment, at least completed lower secondary, population 25+, total (%) (cumulative)",SE.SEC.CUAT.LO.ZS,..,..,..,..,..,..,..
Greenland,GRL,"Educational attainment, at least completed post-secondary, population 25+, total (%) (cumulative)",SE.SEC.CUAT.PO.ZS,..,..,..,..,..,..,..
Greenland,GRL,"Educational attainment, at least completed primary, population 25+ years, total (%) (cumulative)",SE.PRM.CUAT.ZS,..,..,..,..,..,..,..
Greenland,GRL,"Educational attainment, at least completed short-cycle tertiary, population 25+, total (%) (cumulative)",SE.TER.CUAT.ST.ZS,..,..,..,..,..,..,..
Greenland,GRL,"Educational attainment, at least completed upper secondary, population 25+, total (%) (cumulative)",SE.SEC.CUAT.UP.ZS,..,..,..,..,..,..,..
Greenland,GRL,"Educational attainment, at least Master's or equivalent, population 25+, total (%) (cumulative)",SE.TER.CUAT.MS.ZS,..,..,..,..,..,..,..
Greenland,GRL,"Educational attainment, Doctoral or equivalent, population 25+, total (%) (cumulative)",SE.TER.CUAT.DO.ZS,..,..,..,..,..,..,..
Hungary,HUN,"Educational attainment, at least Bachelor's or equivalent, population 25+, total (%) (cumulative)",SE.TER.CUAT.BA.ZS,21.8310533614892,22.6326181219748,24.0799999237061,25.8268891446559,26.1627698354882,26.3525127220673,..
Hungary,HUN,"Educational attainment, at least completed lower secondary, population 25+, total (%) (cumulative)",SE.SEC.CUAT.LO.ZS,97.9200713547095,98.123389874414,98.1800003051758,98.5300299818609,98.6814542073807,98.9391289621067,..
Hungary,HUN,"Educational attainment, at least completed post-secondary, population 25+, total (%) (cumulative)",SE.SEC.CUAT.PO.ZS,29.9894287339998,30.1741832993473,31.7600002288818,31.825661412766,31.5273699936718,32.4294359441122,..
Hungary,HUN,"Educational attainment, at least completed primary, population 25+ years, total (%) (cumulative)",SE.PRM.CUAT.ZS,99.632034768316,99.603791470712,99.6699981689453,99.6347800829447,99.7040678710379,99.7482633639565,..
Hungary,HUN,"Educational attainment, at least completed short-cycle tertiary, population 25+, total (%) (cumulative)",SE.TER.CUAT.ST.ZS,22.7951803367923,23.6431731385503,25,26.6341904068279,26.8869582379054,27.4083320001262,..
Hungary,HUN,"Educational attainment, at least completed upper secondary, population 25+, total (%) (cumulative)",SE.SEC.CUAT.UP.ZS,78.5578395041174,79.0355701722967,80.0100021362305,81.5076989037062,82.7163076433239,83.8787312589267,..
Hungary,HUN,"Educational attainment, at least Master's or equivalent, population 25+, total (%) (cumulative)",SE.TER.CUAT.MS.ZS,10.1070406821565,10.6659080566413,11.7700004577637,12.8553627913414,12.6195788721918,13.0642687836671,..
Hungary,HUN,"Educational attainment, Doctoral or equivalent, population 25+, total (%) (cumulative)",SE.TER.CUAT.DO.ZS,0.729465424886722,0.637156764690932,0.689999997615814,0.535307955145514,0.481859999816204,0.530222124314408,..
Iceland,ISL,"Educational attainment, at least Bachelor's or equivalent, population 25+, total (%) (cumulative)",SE.TER.CUAT.BA.ZS,39.0388021816671,36.1399993896484,36.6199989318848,..,34.2379611825299,34.4636962573314,..
Iceland,ISL,"Educational attainment, at least completed lower secondary, population 25+, total (%) (cumulative)",SE.SEC.CUAT.LO.ZS,99.3853968259027,99.2900009155273,99.7099990844727,99.8551236859057,99.7479782248293,99.6458402302295,..
Iceland,ISL,"Educational attainment, at least completed post-secondary, population 25+, total (%) (cumulative)",SE.SEC.CUAT.PO.ZS,48.7164195280305,46.310001373291,46.0699996948242,45.4957143752754,45.6932820425438,46.9061236658485,..
Iceland,ISL,"Educational attainment, at least completed primary, population 25+ years, total (%) (cumulative)",SE.PRM.CUAT.ZS,100,100,100,100,100,100,..
Iceland,ISL,"Educational attainment, at least completed short-cycle tertiary, population 25+, total (%) (cumulative)",SE.TER.CUAT.ST.ZS,41.3116279260387,38.3499984741211,38.7299995422363,38.2622349598955,38.3537293194334,40.1015824728699,..
Iceland,ISL,"Educational attainment, at least completed upper secondary, population 25+, total (%) (cumulative)",SE.SEC.CUAT.UP.ZS,75.6547422497294,73.870002746582,74.1399993896484,79.7339835426261,79.1714880156996,80.1642544387572,..
Iceland,ISL,"Educational attainment, at least Master's or equivalent, population 25+, total (%) (cumulative)",SE.TER.CUAT.MS.ZS,17.8236487853323,16.1499996185303,16.8700008392334,15.4464998853959,15.9502163462586,16.7264509649456,..
Iceland,ISL,"Educational attainment, Doctoral or equivalent, population 25+, total (%) (cumulative)",SE.TER.CUAT.DO.ZS,1.41724740946616,1.38999998569489,1.41999995708466,1.35340891921721,1.2792053215595,1.27730554901901,..
Ireland,IRL,"Educational attainment, at least Bachelor's or equivalent, population 25+, total (%) (cumulative)",SE.TER.CUAT.BA.ZS,35.1531239019396,35.4656977800903,37.2187148537184,38.4914834180722,38.4278214966169,41.8523570536881,..
Ireland,IRL,"Educational attainment, at least completed lower secondary, population 25+, total (%) (cumulative)",SE.SEC.CUAT.LO.ZS,88.2008757922225,88.318227973516,89.26992229666,90.683408773517,90.8931906613085,92.463639353696,..
Ireland,IRL,"Educational attainment, at least completed post-secondary, population 25+, total (%) (cumulative)",SE.SEC.CUAT.PO.ZS,..,..,..,..,61.6526743484404,63.3229555622022,..
Ireland,IRL,"Educational attainment, at least completed primary, population 25+ years, total (%) (cumulative)",SE.PRM.CUAT.ZS,99.7830195725183,99.7891168531754,99.8091026651587,99.7232314661281,99.8144337748717,99.7002170808258,..
Ireland,IRL,"Educational attainment, at least completed short-cycle tertiary, population 25+, total (%) (cumulative)",SE.TER.CUAT.ST.ZS,41.4037512278959,41.7537689994491,43.9937275511847,46.4313415037937,47.9131630717275,51.2489253962772,..
Ireland,IRL,"Educational attainment, at least completed upper secondary, population 25+, total (%) (cumulative)",SE.SEC.CUAT.UP.ZS,75.2761545483232,75.9404571887024,77.577917817579,79.6562273497351,80.3261086296084,82.9957893963692,..
Ireland,IRL,"Educational attainment, at least Master's or equivalent, population 25+, total (%) (cumulative)",SE.TER.CUAT.MS.ZS,10.903206497488,11.0303751706495,11.8542374196666,13.3270386899378,14.5222779950518,15.9779544539813,..
Ireland,IRL,"Educational attainment, Doctoral or equivalent, population 25+, total (%) (cumulative)",SE.TER.CUAT.DO.ZS,1.14700560143717,1.25305166121753,1.24153787631311,1.27367561308079,1.55623932780552,1.53768415711434,..
Isle of Man,IMN,"Educational attainment, at least Bachelor's or equivalent, population 25+, total (%) (cumulative)",SE.TER.CUAT.BA.ZS,..,..,..,..,..,..,..
Isle of Man,IMN,"Educational attainment, at least completed lower secondary, population 25+, total (%) (cumulative)",SE.SEC.CUAT.LO.ZS,..,..,..,..,..,..,..
Isle of Man,IMN,"Educational attainment, at least completed post-secondary, population 25+, total (%) (cumulative)",SE.SEC.CUAT.PO.ZS,..,..,..,..,..,..,..
Isle of Man,IMN,"Educational attainment, at least completed primary, population 25+ years, total (%) (cumulative)",SE.PRM.CUAT.ZS,..,..,..,..,..,..,..
Isle of Man,IMN,"Educational attainment, at least completed short-cycle tertiary, population 25+, total (%) (cumulative)",SE.TER.CUAT.ST.ZS,..,..,..,..,..,..,..
Isle of Man,IMN,"Educational attainment, at least completed upper secondary, population 25+, total (%) (cumulative)",SE.SEC.CUAT.UP.ZS,..,..,..,..,..,..,..
Isle of Man,IMN,"Educational attainment, at least Master's or equivalent, population 25+, total (%) (cumulative)",SE.TER.CUAT.MS.ZS,..,..,..,..,..,..,..
Isle of Man,IMN,"Educational attainment, Doctoral or equivalent, population 25+, total (%) (cumulative)",SE.TER.CUAT.DO.ZS,..,..,..,..,..,..,..
Italy,ITA,"Educational attainment, at least Bachelor's or equivalent, population 25+, total (%) (cumulative)",SE.TER.CUAT.BA.ZS,16.1792738575987,16.4591872390133,16.5499992370606,16.2955232275758,16.4901719680437,17.5816398207436,..
Italy,ITA,"Educational attainment, at least completed lower secondary, population 25+, total (%) (cumulative)",SE.SEC.CUAT.LO.ZS,81.9196231105278,82.8009544105652,82.1900024414062,82.4618140311433,82.858176905814,84.357700500139,..
Italy,ITA,"Educational attainment, at least completed post-secondary, population 25+, total (%) (cumulative)",SE.SEC.CUAT.PO.ZS,16.8309150748916,17.0693728550828,17.1399993896484,17.6307754806597,17.8389314852764,19.0182259200706,..
Italy,ITA,"Educational attainment, at least completed primary, population 25+ years, total (%) (cumulative)",SE.PRM.CUAT.ZS,96.6637963190215,96.9263566912085,96.7300033569336,97.5451813085603,97.6554515419451,97.9824830570857,..
Italy,ITA,"Educational attainment, at least completed short-cycle tertiary, population 25+, total (%) (cumulative)",SE.TER.CUAT.ST.ZS,16.1890761891087,16.4701422775237,16.5699996948242,16.3516656326538,16.576836467005,17.6779142971432,..
Italy,ITA,"Educational attainment, at least completed upper secondary, population 25+, total (%) (cumulative)",SE.SEC.CUAT.UP.ZS,52.001371763722,52.6440248259532,52.4599990844727,52.4379031321488,52.7956326851944,55.2703601822563,..
Italy,ITA,"Educational attainment, at least Master's or equivalent, population 25+, total (%) (cumulative)",SE.TER.CUAT.MS.ZS,12.864986090539,12.9825564987601,12.960000038147,12.4633512715537,12.2992992659213,12.9807236127312,..
Italy,ITA,"Educational attainment, Doctoral or equivalent, population 25+, total (%) (cumulative)",SE.TER.CUAT.DO.ZS,0.385083632112737,0.388733129067955,0.400000005960464,0.417439460651239,0.414484236871466,0.454112413383147,..
Kazakhstan,KAZ,"Educational attainment, at least Bachelor's or equivalent, population 25+, total (%) (cumulative)",SE.TER.CUAT.BA.ZS,34.0800018310547,37.6751594543457,..,..,..,..,..
Kazakhstan,KAZ,"Educational attainment, at least completed lower secondary, population 25+, total (%) (cumulative)",SE.SEC.CUAT.LO.ZS,99.4599990844727,98.6138229370117,..,..,..,..,..
Kazakhstan,KAZ,"Educational attainment, at least completed post-secondary, population 25+, total (%) (cumulative)",SE.SEC.CUAT.PO.ZS,79.0199966430664,..,..,..,..,..,..
Kazakhstan,KAZ,"Educational attainment, at least completed primary, population 25+ years, total (%) (cumulative)",SE.PRM.CUAT.ZS,99.9400024414062,99.8747711181641,..,..,..,..,..
Kazakhstan,KAZ,"Educational attainment, at least completed short-cycle tertiary, population 25+, total (%) (cumulative)",SE.TER.CUAT.ST.ZS,73.9100036621094,..,..,..,..,..,..
Kazakhstan,KAZ,"Educational attainment, at least completed upper secondary, population 25+, total (%) (cumulative)",SE.SEC.CUAT.UP.ZS,97.4000015258789,94.3147125244141,..,..,..,..,..
Kazakhstan,KAZ,"Educational attainment, at least Master's or equivalent, population 25+, total (%) (cumulative)",SE.TER.CUAT.MS.ZS,0.0900000035762787,..,..,..,..,..,..
Kazakhstan,KAZ,"Educational attainment, Doctoral or equivalent, population 25+, total (%) (cumulative)",SE.TER.CUAT.DO.ZS,..,..,..,..,..,..,..
Kosovo,XKX,"Educational attainment, at least Bachelor's or equivalent, population 25+, total (%) (cumulative)",SE.TER.CUAT.BA.ZS,..,..,..,..,..,..,..
Kosovo,XKX,"Educational attainment, at least completed lower secondary, population 25+, total (%) (cumulative)",SE.SEC.CUAT.LO.ZS,..,..,..,..,..,..,..
Kosovo,XKX,"Educational attainment, at least completed post-secondary, population 25+, total (%) (cumulative)",SE.SEC.CUAT.PO.ZS,..,..,..,..,..,..,..
Kosovo,XKX,"Educational attainment, at least completed primary, population 25+ years, total (%) (cumulative)",SE.PRM.CUAT.ZS,..,..,..,..,..,..,..
Kosovo,XKX,"Educational attainment, at least completed short-cycle tertiary, population 25+, total (%) (cumulative)",SE.TER.CUAT.ST.ZS,..,..,..,..,..,..,..
Kosovo,XKX,"Educational attainment, at least completed upper secondary, population 25+, total (%) (cumulative)",SE.SEC.CUAT.UP.ZS,..,..,..,..,..,..,..
Kosovo,XKX,"Educational attainment, at least Master's or equivalent, population 25+, total (%) (cumulative)",SE.TER.CUAT.MS.ZS,..,..,..,..,..,..,..
Kosovo,XKX,"Educational attainment, Doctoral or equivalent, population 25+, total (%) (cumulative)",SE.TER.CUAT.DO.ZS,..,..,..,..,..,..,..
Kyrgyz Republic,KGZ,"Educational attainment, at least Bachelor's or equivalent, population 25+, total (%) (cumulative)",SE.TER.CUAT.BA.ZS,24.2648506164551,..,..,..,..,23.9283008575439,..
Kyrgyz Republic,KGZ,"Educational attainment, at least completed lower secondary, population 25+, total (%) (cumulative)",SE.SEC.CUAT.LO.ZS,93.7392578125,..,..,..,..,95.7852935791016,..
Kyrgyz Republic,KGZ,"Educational attainment, at least completed post-secondary, population 25+, total (%) (cumulative)",SE.SEC.CUAT.PO.ZS,..,..,..,..,..,..,..
Kyrgyz Republic,KGZ,"Educational attainment, at least completed primary, population 25+ years, total (%) (cumulative)",SE.PRM.CUAT.ZS,98.8703689575195,..,..,..,..,98.717643737793,..
Kyrgyz Republic,KGZ,"Educational attainment, at least completed short-cycle tertiary, population 25+, total (%) (cumulative)",SE.TER.CUAT.ST.ZS,..,..,..,..,..,..,..
Kyrgyz Republic,KGZ,"Educational attainment, at least completed upper secondary, population 25+, total (%) (cumulative)",SE.SEC.CUAT.UP.ZS,..,..,..,..,..,..,..
Kyrgyz Republic,KGZ,"Educational attainment, at least Master's or equivalent, population 25+, total (%) (cumulative)",SE.TER.CUAT.MS.ZS,..,..,..,..,..,..,..
Kyrgyz Republic,KGZ,"Educational attainment, Doctoral or equivalent, population 25+, total (%) (cumulative)",SE.TER.CUAT.DO.ZS,..,..,..,..,..,..,..
Latvia,LVA,"Educational attainment, at least Bachelor's or equivalent, population 25+, total (%) (cumulative)",SE.TER.CUAT.BA.ZS,30.0300006866455,30.9400005340576,..,32.1994808078856,32.5734919444113,33.2018814850714,..
Latvia,LVA,"Educational attainment, at least completed lower secondary, population 25+, total (%) (cumulative)",SE.SEC.CUAT.LO.ZS,..,..,..,98.6668074272884,98.877589949487,98.681603827502,..
Latvia,LVA,"Educational attainment, at least completed post-secondary, population 25+, total (%) (cumulative)",SE.SEC.CUAT.PO.ZS,43.5800018310547,48.3400001525879,..,48.171151170106,51.3423091599523,50.7353528321438,..
Latvia,LVA,"Educational attainment, at least completed primary, population 25+ years, total (%) (cumulative)",SE.PRM.CUAT.ZS,100,100,..,99.7266382586609,99.6401434061211,99.5909947676685,..
Latvia,LVA,"Educational attainment, at least completed short-cycle tertiary, population 25+, total (%) (cumulative)",SE.TER.CUAT.ST.ZS,33.0699996948242,33.9799995422363,..,35.4262377898437,35.5834951880983,36.3576002292526,..
Latvia,LVA,"Educational attainment, at least completed upper secondary, population 25+, total (%) (cumulative)",SE.SEC.CUAT.UP.ZS,90.3000030517578,90.9300003051758,..,89.2987290021353,89.8385781340585,89.2361244240762,..
Latvia,LVA,"Educational attainment, at least Master's or equivalent, population 25+, total (%) (cumulative)",SE.TER.CUAT.MS.ZS,14.6000003814697,17.0300006866455,..,18.2374314218367,20.218222935531,20.1661528511804,..
Latvia,LVA,"Educational attainment, Doctoral or equivalent, population 25+, total (%) (cumulative)",SE.TER.CUAT.DO.ZS,1.11000001430511,..,..,..,0.6033182058497,0.692002107070704,..
Liechtenstein,LIE,"Educational attainment, at least Bachelor's or equivalent, population 25+, total (%) (cumulative)",SE.TER.CUAT.BA.ZS,..,..,..,..,..,..,..
Liechtenstein,LIE,"Educational attainment, at least completed lower secondary, population 25+, total (%) (cumulative)",SE.SEC.CUAT.LO.ZS,..,..,..,..,..,..,..
Liechtenstein,LIE,"Educational attainment, at least completed post-secondary, population 25+, total (%) (cumulative)",SE.SEC.CUAT.PO.ZS,..,..,..,..,..,..,..
Liechtenstein,LIE,"Educational attainment, at least completed primary, population 25+ years, total (%) (cumulative)",SE.PRM.CUAT.ZS,..,..,..,..,..,..,..
Liechtenstein,LIE,"Educational attainment, at least completed short-cycle tertiary, population 25+, total (%) (cumulative)",SE.TER.CUAT.ST.ZS,..,..,..,..,..,..,..
Liechtenstein,LIE,"Educational attainment, at least completed upper secondary, population 25+, total (%) (cumulative)",SE.SEC.CUAT.UP.ZS,..,..,..,..,..,..,..
Liechtenstein,LIE,"Educational attainment, at least Master's or equivalent, population 25+, total (%) (cumulative)",SE.TER.CUAT.MS.ZS,..,..,..,..,..,..,..
Liechtenstein,LIE,"Educational attainment, Doctoral or equivalent, population 25+, total (%) (cumulative)",SE.TER.CUAT.DO.ZS,..,..,..,..,..,..,..
Lithuania,LTU,"Educational attainment, at least Bachelor's or equivalent, population 25+, total (%) (cumulative)",SE.TER.CUAT.BA.ZS,35.9516875448363,37.327369377978,38.0999984741211,40.1166281496363,41.4149466041617,41.3070548478587,..
Lithuania,LTU,"Educational attainment, at least completed lower secondary, population 25+, total (%) (cumulative)",SE.SEC.CUAT.LO.ZS,96.2245552074473,96.9677035208881,96.6100006103516,97.3246418978853,97.4681645682859,97.9198353967491,..
Lithuania,LTU,"Educational attainment, at least completed post-secondary, population 25+, total (%) (cumulative)",SE.SEC.CUAT.PO.ZS,55.7568509591945,56.8808513677269,58.0400009155273,61.0075300154104,62.7691786224284,63.2298248108922,..
Lithuania,LTU,"Educational attainment, at least completed primary, population 25+ years, total (%) (cumulative)",SE.PRM.CUAT.ZS,99.0596320849389,99.1986341339994,99.2099990844727,99.3767975399331,99.2762117193576,99.3816711554173,..
Lithuania,LTU,"Educational attainment, at least completed short-cycle tertiary, population 25+, total (%) (cumulative)",SE.TER.CUAT.ST.ZS,..,..,..,..,..,..,..
Lithuania,LTU,"Educational attainment, at least completed upper secondary, population 25+, total (%) (cumulative)",SE.SEC.CUAT.UP.ZS,88.5540465271884,89.6794919346865,89.870002746582,91.1112647101831,91.9949045446213,92.4704079528139,..
Lithuania,LTU,"Educational attainment, at least Master's or equivalent, population 25+, total (%) (cumulative)",SE.TER.CUAT.MS.ZS,13.9226776787707,14.1827157380628,14.5900001525879,14.7961178148121,15.7001319446114,15.7790359135306,..
Lithuania,LTU,"Educational attainment, Doctoral or equivalent, population 25+, total (%) (cumulative)",SE.TER.CUAT.DO.ZS,0.553606985268095,0.599531109398897,0.850000023841858,0.738890764471358,0.724088705361833,0.623845609745795,..
Luxembourg,LUX,"Educational attainment, at least Bachelor's or equivalent, population 25+, total (%) (cumulative)",SE.TER.CUAT.BA.ZS,35.3018707883265,37.1256471674156,37.1187051096982,41.5808857989599,42.0351303246455,41.8519604082982,..
Luxembourg,LUX,"Educational attainment, at least completed lower secondary, population 25+, total (%) (cumulative)",SE.SEC.CUAT.LO.ZS,90.1471173615715,90.9949631657133,90.2670538900954,89.739000457396,90.7294878098936,90.6741832624432,..
Luxembourg,LUX,"Educational attainment, at least completed post-secondary, population 25+, total (%) (cumulative)",SE.SEC.CUAT.PO.ZS,41.8547225915425,43.8946086549519,43.5118509575356,47.7181964390899,48.8751556096278,48.4878486878467,..
Luxembourg,LUX,"Educational attainment, at least completed primary, population 25+ years, total (%) (cumulative)",SE.PRM.CUAT.ZS,99.6777604333952,99.5684112347497,99.5377333980013,97.5693281305617,98.7126616830388,98.2765808369639,..
Luxembourg,LUX,"Educational attainment, at least completed short-cycle tertiary, population 25+, total (%) (cumulative)",SE.TER.CUAT.ST.ZS,..,41.4879760527328,41.1987966353667,45.4067312695283,46.6255503906397,46.4149276409813,..
Luxembourg,LUX,"Educational attainment, at least completed upper secondary, population 25+, total (%) (cumulative)",SE.SEC.CUAT.UP.ZS,73.0939711225684,74.2218570973786,73.6529926130647,77.0716476137358,77.2889265155403,77.2197850510892,..
Luxembourg,LUX,"Educational attainment, at least Master's or equivalent, population 25+, total (%) (cumulative)",SE.TER.CUAT.MS.ZS,21.9755033468546,23.5979337164405,23.7872993187663,27.8406710460557,28.016910755968,29.1408519168398,..
Luxembourg,LUX,"Educational attainment, Doctoral or equivalent, population 25+, total (%) (cumulative)",SE.TER.CUAT.DO.ZS,2.14295566923035,1.78018136559204,2.09725350726211,2.33258272714198,2.92270963064141,2.84207672301988,..
Moldova,MDA,"Educational attainment, at least Bachelor's or equivalent, population 25+, total (%) (cumulative)",SE.TER.CUAT.BA.ZS,20.1200008392334,20.0499992370606,20.1900005340576,20.4300003051758,20.3899993896484,20.9641449953977,22.5620785775415
Moldova,MDA,"Educational attainment, at least completed lower secondary, population 25+, total (%) (cumulative)",SE.SEC.CUAT.LO.ZS,97.2900009155273,96.9599990844727,97.5400009155273,97.9199981689453,98.25,98.2920155080211,98.3079945590451
Moldova,MDA,"Educational attainment, at least completed post-secondary, population 25+, total (%) (cumulative)",SE.SEC.CUAT.PO.ZS,..,..,..,..,20.3879428561716,20.9641449953977,22.5620785775415
Moldova,MDA,"Educational attainment, at least completed primary, population 25+ years, total (%) (cumulative)",SE.PRM.CUAT.ZS,99.4400024414062,99.4199981689453,99.5400009155273,99.5699996948242,99.5100021362305,99.5303635443852,99.5277680511537
Moldova,MDA,"Educational attainment, at least completed short-cycle tertiary, population 25+, total (%) (cumulative)",SE.TER.CUAT.ST.ZS,33.5099983215332,34.1699981689453,34.2599983215332,34.1599998474121,34.3199996948242,..,..
Moldova,MDA,"Educational attainment, at least completed upper secondary, population 25+, total (%) (cumulative)",SE.SEC.CUAT.UP.ZS,75.2399978637695,74.5400009155273,74.7600021362305,74.7600021362305,74.75,75.4246356217162,75.2910910824752
Moldova,MDA,"Educational attainment, at least Master's or equivalent, population 25+, total (%) (cumulative)",SE.TER.CUAT.MS.ZS,1.11000001430511,1.5,1.54999995231628,1.46000003814697,1.5,2.39011338959924,..
Moldova,MDA,"Educational attainment, Doctoral or equivalent, population 25+, total (%) (cumulative)",SE.TER.CUAT.DO.ZS,0.150000005960465,0.170000001788139,0.140000000596046,0.150000005960465,0.119999997317791,0.183540283806982,0.238852343726839
Monaco,MCO,"Educational attainment, at least Bachelor's or equivalent, population 25+, total (%) (cumulative)",SE.TER.CUAT.BA.ZS,..,..,..,..,..,..,..
Monaco,MCO,"Educational attainment, at least completed lower secondary, population 25+, total (%) (cumulative)",SE.SEC.CUAT.LO.ZS,..,..,..,..,..,..,..
Monaco,MCO,"Educational attainment, at least completed post-secondary, population 25+, total (%) (cumulative)",SE.SEC.CUAT.PO.ZS,..,..,..,..,..,..,..
Monaco,MCO,"Educational attainment, at least completed primary, population 25+ years, total (%) (cumulative)",SE.PRM.CUAT.ZS,..,..,..,..,..,..,..
Monaco,MCO,"Educational attainment, at least completed short-cycle tertiary, population 25+, total (%) (cumulative)",SE.TER.CUAT.ST.ZS,..,..,..,..,..,..,..
Monaco,MCO,"Educational attainment, at least completed upper secondary, population 25+, total (%) (cumulative)",SE.SEC.CUAT.UP.ZS,..,..,..,..,..,..,..
Monaco,MCO,"Educational attainment, at least Master's or equivalent, population 25+, total (%) (cumulative)",SE.TER.CUAT.MS.ZS,..,..,..,..,..,..,..
Monaco,MCO,"Educational attainment, Doctoral or equivalent, population 25+, total (%) (cumulative)",SE.TER.CUAT.DO.ZS,..,..,..,..,..,..,..
Montenegro,MNE,"Educational attainment, at least Bachelor's or equivalent, population 25+, total (%) (cumulative)",SE.TER.CUAT.BA.ZS,21.4508209228516,19.7659276423604,19.5769768453581,..,..,..,..
Montenegro,MNE,"Educational attainment, at least completed lower secondary, population 25+, total (%) (cumulative)",SE.SEC.CUAT.LO.ZS,94.9769337468088,95.5752101660868,96.1399019831919,..,..,..,..
Montenegro,MNE,"Educational attainment, at least completed post-secondary, population 25+, total (%) (cumulative)",SE.SEC.CUAT.PO.ZS,22.9061845094581,24.4586174177062,24.3332763619329,..,..,..,..
Montenegro,MNE,"Educational attainment, at least completed primary, population 25+ years, total (%) (cumulative)",SE.PRM.CUAT.ZS,98.1050623176236,98.3272260353558,98.5771139453893,..,..,..,..
Montenegro,MNE,"Educational attainment, at least completed short-cycle tertiary, population 25+, total (%) (cumulative)",SE.TER.CUAT.ST.ZS,22.3103024680271,23.8347651285551,23.6662154951619,..,..,..,..
Montenegro,MNE,"Educational attainment, at least completed upper secondary, population 25+, total (%) (cumulative)",SE.SEC.CUAT.UP.ZS,80.6169743609381,81.8239956037765,81.9217723455169,..,..,..,..
Montenegro,MNE,"Educational attainment, at least Master's or equivalent, population 25+, total (%) (cumulative)",SE.TER.CUAT.MS.ZS,1.56492218823538,1.72219356734423,1.24456493090992,..,..,..,..
Montenegro,MNE,"Educational attainment, Doctoral or equivalent, population 25+, total (%) (cumulative)",SE.TER.CUAT.DO.ZS,0.326664330145008,0.281718037872815,0.136163430043876,..,..,..,..
Netherlands,NLD,"Educational attainment, at least Bachelor's or equivalent, population 25+, total (%) (cumulative)",SE.TER.CUAT.BA.ZS,31.0900001525879,34.2848460261818,34.7700004577637,35.4291463684265,36.393924131785,36.5573313987755,..
Netherlands,NLD,"Educational attainment, at least completed lower secondary, population 25+, total (%) (cumulative)",SE.SEC.CUAT.LO.ZS,90.370002746582,91.9366758031883,91.2200012207031,90.9582104013994,91.1451951874545,90.2764267356421,..
Netherlands,NLD,"Educational attainment, at least completed post-secondary, population 25+, total (%) (cumulative)",SE.SEC.CUAT.PO.ZS,33.2900009155273,36.7319546928845,36.9599990844727,37.9326007758691,39.1200352539704,39.143197948999,..
Netherlands,NLD,"Educational attainment, at least completed primary, population 25+ years, total (%) (cumulative)",SE.PRM.CUAT.ZS,98.5100021362305,98.6421861721355,98.5599975585938,98.051944340845,98.0306890249335,97.3239441916378,..
Netherlands,NLD,"Educational attainment, at least completed short-cycle tertiary, population 25+, total (%) (cumulative)",SE.TER.CUAT.ST.ZS,33.0400009155273,36.4527995695417,36.7200012207031,37.6903596670068,38.8489626093683,38.8793355154994,..
Netherlands,NLD,"Educational attainment, at least completed upper secondary, population 25+, total (%) (cumulative)",SE.SEC.CUAT.UP.ZS,71.0999984741211,73.8042606493922,72.9599990844727,73.8152267342655,74.2670364991331,74.1197872066975,..
Netherlands,NLD,"Educational attainment, at least Master's or equivalent, population 25+, total (%) (cumulative)",SE.TER.CUAT.MS.ZS,11.7299995422363,12.7071185040603,13.1400003433228,14.405174007983,14.954433590371,15.2046121079199,..
Netherlands,NLD,"Educational attainment, Doctoral or equivalent, population 25+, total (%) (cumulative)",SE.TER.CUAT.DO.ZS,0.629999995231628,0.734350670938232,0.709999978542328,0.993280876117145,1.00822318311613,1.07392450870305,..
North Macedonia,MKD,"Educational attainment, at least Bachelor's or equivalent, population 25+, total (%) (cumulative)",SE.TER.CUAT.BA.ZS,21.1261196136475,17.5378500632178,21.6800003051758,19.3952220457226,19.8216794815429,..,20.033219660169
North Macedonia,MKD,"Educational attainment, at least completed lower secondary, population 25+, total (%) (cumulative)",SE.SEC.CUAT.LO.ZS,69.6771621704102,67.2968683389004,68.4899978637695,69.7008154607247,70.7438005041446,..,68.9689116686843
North Macedonia,MKD,"Educational attainment, at least completed post-secondary, population 25+, total (%) (cumulative)",SE.SEC.CUAT.PO.ZS,19.2690376635508,19.9681690611266,21.9599990844727,22.2009538815017,22.5398223487521,..,..
North Macedonia,MKD,"Educational attainment, at least completed primary, population 25+ years, total (%) (cumulative)",SE.PRM.CUAT.ZS,91.2897796630859,93.5556035137149,93.6399993896484,94.7771563376207,94.8307058800312,..,93.7544557729368
North Macedonia,MKD,"Educational attainment, at least completed short-cycle tertiary, population 25+, total (%) (cumulative)",SE.TER.CUAT.ST.ZS,19.2690376635508,19.9681690611266,21.9599990844727,21.9081622296531,22.3389373597988,..,22.5063307620395
North Macedonia,MKD,"Educational attainment, at least completed upper secondary, population 25+, total (%) (cumulative)",SE.SEC.CUAT.UP.ZS,53.4467811584473,..,68.3000030517578,69.5329199114654,70.5153081423898,..,68.6925323282867
North Macedonia,MKD,"Educational attainment, at least Master's or equivalent, population 25+, total (%) (cumulative)",SE.TER.CUAT.MS.ZS,1.6045188531992,1.91689757943692,1.92999994754791,1.79610368273745,2.00282847897048,..,..
North Macedonia,MKD,"Educational attainment, Doctoral or equivalent, population 25+, total (%) (cumulative)",SE.TER.CUAT.DO.ZS,0.164359566399787,0.188597764067166,0.25,0.280837143344586,0.352544693904768,..,..
Norway,NOR,"Educational attainment, at least Bachelor's or equivalent, population 25+, total (%) (cumulative)",SE.TER.CUAT.BA.ZS,30.4479349491915,29.2900009155273,..,33.5931259553046,31.6725480402091,32.1868255742863,..
Norway,NOR,"Educational attainment, at least completed lower secondary, population 25+, total (%) (cumulative)",SE.SEC.CUAT.LO.ZS,99.0458740417522,99.1900024414062,..,99.0881716160966,98.9435835739136,98.9098891469499,..
Norway,NOR,"Educational attainment, at least completed post-secondary, population 25+, total (%) (cumulative)",SE.SEC.CUAT.PO.ZS,42.9568511688208,40.8400001525879,..,45.792345187444,43.8056635693145,44.8926415031866,..
Norway,NOR,"Educational attainment, at least completed primary, population 25+ years, total (%) (cumulative)",SE.PRM.CUAT.ZS,99.5639659547937,99.7099990844727,..,99.7844293411858,99.5164188883829,99.680658116242,..
Norway,NOR,"Educational attainment, at least completed short-cycle tertiary, population 25+, total (%) (cumulative)",SE.TER.CUAT.ST.ZS,41.4345053946336,39.2299995422363,..,44.2864671096081,42.3555903426744,43.2877065871803,..
Norway,NOR,"Educational attainment, at least completed upper secondary, population 25+, total (%) (cumulative)",SE.SEC.CUAT.UP.ZS,82.1633464745519,78.75,..,81.8810132531688,80.0042561695029,81.9146077307582,..
Norway,NOR,"Educational attainment, at least Master's or equivalent, population 25+, total (%) (cumulative)",SE.TER.CUAT.MS.ZS,12.3573674492309,11.5500001907349,..,13.6838324618225,13.3305889090301,13.642596300391,..
Norway,NOR,"Educational attainment, Doctoral or equivalent, population 25+, total (%) (cumulative)",SE.TER.CUAT.DO.ZS,1.20380384012421,1.0900000333786,..,1.29331596235272,1.33473515959194,1.52758850279791,..
Poland,POL,"Educational attainment, at least Bachelor's or equivalent, population 25+, total (%) (cumulative)",SE.TER.CUAT.BA.ZS,26.5329086902906,27.3313870167182,28.0100002288818,..,..,..,..
Poland,POL,"Educational attainment, at least completed lower secondary, population 25+, total (%) (cumulative)",SE.SEC.CUAT.LO.ZS,..,..,88.5100021362305,..,..,..,..
Poland,POL,"Educational attainment, at least completed post-secondary, population 25+, total (%) (cumulative)",SE.SEC.CUAT.PO.ZS,29.9228188971402,30.6677236113517,31.4799995422363,..,..,..,..
Poland,POL,"Educational attainment, at least completed primary, population 25+ years, total (%) (cumulative)",SE.PRM.CUAT.ZS,99.1925250582627,99.2625799544116,99.2799987792969,99.4076086312534,99.5122873328082,99.6761439153944,99.6983960255467
Poland,POL,"Educational attainment, at least completed short-cycle tertiary, population 25+, total (%) (cumulative)",SE.TER.CUAT.ST.ZS,26.7674429420972,27.5746468320483,28.2399997711182,28.5334869465272,28.9490539721821,32.0204327747882,33.321400037011
Poland,POL,"Educational attainment, at least completed upper secondary, population 25+, total (%) (cumulative)",SE.SEC.CUAT.UP.ZS,..,..,87.7799987792969,..,..,..,..
Poland,POL,"Educational attainment, at least Master's or equivalent, population 25+, total (%) (cumulative)",SE.TER.CUAT.MS.ZS,20.7594080994446,21.3264746552861,21.8899993896484,..,..,..,..
Poland,POL,"Educational attainment, Doctoral or equivalent, population 25+, total (%) (cumulative)",SE.TER.CUAT.DO.ZS,0.633925929274253,0.67816472184481,0.649999976158142,..,..,..,..
Portugal,PRT,"Educational attainment, at least Bachelor's or equivalent, population 25+, total (%) (cumulative)",SE.TER.CUAT.BA.ZS,18.6499996185303,20.7199993133545,22.5100002288818,22.4542395345449,23.1223938479372,23.5028353899237,24.9081630188819
Portugal,PRT,"Educational attainment, at least completed lower secondary, population 25+, total (%) (cumulative)",SE.SEC.CUAT.LO.ZS,54.2999992370605,57.9500007629395,60.75,61.0249405681239,62.2781394788605,62.9070981322146,64.4778306730759
Portugal,PRT,"Educational attainment, at least completed post-secondary, population 25+, total (%) (cumulative)",SE.SEC.CUAT.PO.ZS,19.2299995422363,21.4400005340576,23.1100006103516,23.238403941789,24.0851915116435,24.5133629992824,26.0579987846678
Portugal,PRT,"Educational attainment, at least completed primary, population 25+ years, total (%) (cumulative)",SE.PRM.CUAT.ZS,91.5400009155273,92.8300018310547,93.9000015258789,94.4729177052686,94.9817563413008,95.1277395473967,95.5543973746531
Portugal,PRT,"Educational attainment, at least completed short-cycle tertiary, population 25+, total (%) (cumulative)",SE.TER.CUAT.ST.ZS,18.6900005340576,20.7800006866455,22.5499992370606,22.5915811547604,23.3056437971198,23.7690995141667,25.144047514785
Portugal,PRT,"Educational attainment, at least completed upper secondary, population 25+, total (%) (cumulative)",SE.SEC.CUAT.UP.ZS,37.0800018310547,40.6800003051758,43.4500007629395,44.0859379938661,45.6849108373722,46.3494493223657,48.5642852233967
Portugal,PRT,"Educational attainment, at least Master's or equivalent, population 25+, total (%) (cumulative)",SE.TER.CUAT.MS.ZS,13.6400003433228,15.1099996566772,16.1900005340576,15.8060258972588,16.0517156710002,16.2881720195865,6.31591156303365
Portugal,PRT,"Educational attainment, Doctoral or equivalent, population 25+, total (%) (cumulative)",SE.TER.CUAT.DO.ZS,0.589999973773956,0.720000028610229,0.759999990463257,0.667251448366904,0.527301333798828,0.640431315696523,0.762600600875874
Romania,ROU,"Educational attainment, at least Bachelor's or equivalent, population 25+, total (%) (cumulative)",SE.TER.CUAT.BA.ZS,14.5098533487382,14.7860199636808,15.1375639571037,13.9771328312794,15.283466873163,14.6010893280568,..
Romania,ROU,"Educational attainment, at least completed lower secondary, population 25+, total (%) (cumulative)",SE.SEC.CUAT.LO.ZS,91.0828442002317,91.1600036621094,91.8000030517578,92.5500030517578,92.9499969482422,93.3742642018011,..
Romania,ROU,"Educational attainment, at least completed post-secondary, population 25+, total (%) (cumulative)",SE.SEC.CUAT.PO.ZS,17.9597633321169,18.3700008392334,18.6800003051758,18.7600002288818,19.5599994659424,18.746791623271,..
Romania,ROU,"Educational attainment, at least completed primary, population 25+ years, total (%) (cumulative)",SE.PRM.CUAT.ZS,98.8042180705597,98.7399978637695,98.6900024414062,98.870002746582,98.9499969482422,98.9514481926966,..
Romania,ROU,"Educational attainment, at least completed short-cycle tertiary, population 25+, total (%) (cumulative)",SE.TER.CUAT.ST.ZS,14.873142441619,15.3100004196167,15.4899997711182,15.4499998092651,16.0100002288818,15.3039912343275,..
Romania,ROU,"Educational attainment, at least completed upper secondary, population 25+, total (%) (cumulative)",SE.SEC.CUAT.UP.ZS,68.3221539365843,69.1800003051758,71.0299987792969,72.1699981689453,73.0299987792969,72.767467371632,..
Romania,ROU,"Educational attainment, at least Master's or equivalent, population 25+, total (%) (cumulative)",SE.TER.CUAT.MS.ZS,11.2642636105962,11.2911990353609,11.4006936863824,9.84996635191293,10.2616800338504,9.83016271520245,..
Romania,ROU,"Educational attainment, Doctoral or equivalent, population 25+, total (%) (cumulative)",SE.TER.CUAT.DO.ZS,0.0867289995506618,0.105665020392279,0.127344413806883,0.148109532236709,0.16040857546717,0.142228004371551,..
Russian Federation,RUS,"Educational attainment, at least Bachelor's or equivalent, population 25+, total (%) (cumulative)",SE.TER.CUAT.BA.ZS,..,..,..,41.2200012207031,..,..,..
Russian Federation,RUS,"Educational attainment, at least completed lower secondary, population 25+, total (%) (cumulative)",SE.SEC.CUAT.LO.ZS,..,..,..,98.5800018310547,..,..,..
Russian Federation,RUS,"Educational attainment, at least completed post-secondary, population 25+, total (%) (cumulative)",SE.SEC.CUAT.PO.ZS,..,..,..,76.2900009155273,..,..,..
Russian Federation,RUS,"Educational attainment, at least completed primary, population 25+ years, total (%) (cumulative)",SE.PRM.CUAT.ZS,100,100,100,99.8199996948242,100,100,100
Russian Federation,RUS,"Educational attainment, at least completed short-cycle tertiary, population 25+, total (%) (cumulative)",SE.TER.CUAT.ST.ZS,..,..,..,64.0899963378906,..,..,..
Russian Federation,RUS,"Educational attainment, at least completed upper secondary, population 25+, total (%) (cumulative)",SE.SEC.CUAT.UP.ZS,91.5161323845422,91.4410954486241,91.8141153254704,92.1800003051758,91.9972550280771,92.6996595179214,92.9073594394634
Russian Federation,RUS,"Educational attainment, at least Master's or equivalent, population 25+, total (%) (cumulative)",SE.TER.CUAT.MS.ZS,..,..,..,18.8500003814697,..,..,..
Russian Federation,RUS,"Educational attainment, Doctoral or equivalent, population 25+, total (%) (cumulative)",SE.TER.CUAT.DO.ZS,..,..,..,1.26999998092651,..,..,..
San Marino,SMR,"Educational attainment, at least Bachelor's or equivalent, population 25+, total (%) (cumulative)",SE.TER.CUAT.BA.ZS,15.7600002288818,..,18.1900005340576,..,18.3899993896484,..,..
San Marino,SMR,"Educational attainment, at least completed lower secondary, population 25+, total (%) (cumulative)",SE.SEC.CUAT.LO.ZS,82.9599990844727,..,86.2600021362305,..,87.6999969482422,..,..
San Marino,SMR,"Educational attainment, at least completed post-secondary, population 25+, total (%) (cumulative)",SE.SEC.CUAT.PO.ZS,15.7600002288818,..,18.1900005340576,..,18.3899993896484,..,..
San Marino,SMR,"Educational attainment, at least completed primary, population 25+ years, total (%) (cumulative)",SE.PRM.CUAT.ZS,96.5999984741211,..,98.5599975585938,..,98.9000015258789,..,..
San Marino,SMR,"Educational attainment, at least completed short-cycle tertiary, population 25+, total (%) (cumulative)",SE.TER.CUAT.ST.ZS,15.7600002288818,..,18.1900005340576,..,18.3899993896484,..,..
San Marino,SMR,"Educational attainment, at least completed upper secondary, population 25+, total (%) (cumulative)",SE.SEC.CUAT.UP.ZS,53.939998626709,..,57.4500007629395,..,58.5900001525879,..,..
San Marino,SMR,"Educational attainment, at least Master's or equivalent, population 25+, total (%) (cumulative)",SE.TER.CUAT.MS.ZS,11.0900001525879,..,..,..,13.1300001144409,..,..
San Marino,SMR,"Educational attainment, Doctoral or equivalent, population 25+, total (%) (cumulative)",SE.TER.CUAT.DO.ZS,..,..,..,..,..,..,..
Serbia,SRB,"Educational attainment, at least Bachelor's or equivalent, population 25+, total (%) (cumulative)",SE.TER.CUAT.BA.ZS,15.4879278785465,15.5200004577637,16.2851422565156,17.2317031410414,24.8500003814697,18.6692014707128,19.9911013863254
Serbia,SRB,"Educational attainment, at least completed lower secondary, population 25+, total (%) (cumulative)",SE.SEC.CUAT.LO.ZS,..,91.7900009155273,..,..,93.0599975585938,..,..
Serbia,SRB,"Educational attainment, at least completed post-secondary, population 25+, total (%) (cumulative)",SE.SEC.CUAT.PO.ZS,23.2185947147462,23.25,23.6766547109738,24.530739661149,26.1700000762939,25.6712952451897,26.9088680008745
Serbia,SRB,"Educational attainment, at least completed primary, population 25+ years, total (%) (cumulative)",SE.PRM.CUAT.ZS,97.9244537527313,98.5299987792969,98.320743311347,98.6303018679445,98.5299987792969,98.7419462491062,98.9934011046089
Serbia,SRB,"Educational attainment, at least completed short-cycle tertiary, population 25+, total (%) (cumulative)",SE.TER.CUAT.ST.ZS,21.4781529087204,21.7000007629394,22.059521153475,22.9413823641405,24.8500003814697,24.16801565616,25.4392003166186
Serbia,SRB,"Educational attainment, at least completed upper secondary, population 25+, total (%) (cumulative)",SE.SEC.CUAT.UP.ZS,71.707241071027,73.6399993896484,73.4497629176403,73.9430674328555,77.7799987792969,76.1039190572241,77.1153939809151
Serbia,SRB,"Educational attainment, at least Master's or equivalent, population 25+, total (%) (cumulative)",SE.TER.CUAT.MS.ZS,2.23626527291505,2.21000003814697,2.7982186961063,..,11.7799997329712,..,..
Serbia,SRB,"Educational attainment, Doctoral or equivalent, population 25+, total (%) (cumulative)",SE.TER.CUAT.DO.ZS,0.410877902831413,0.259999990463257,0.453430270620992,0.504368829506472,0.589999973773956,0.510741564848715,0.578726034430744
Slovak Republic,SVK,"Educational attainment, at least Bachelor's or equivalent, population 25+, total (%) (cumulative)",SE.TER.CUAT.BA.ZS,21.8899993896484,22.8600006103516,23.620490640406,24.5144290300275,25.7726848924658,25.2886278348116,..
Slovak Republic,SVK,"Educational attainment, at least completed lower secondary, population 25+, total (%) (cumulative)",SE.SEC.CUAT.LO.ZS,99.2699966430664,99.0199966430664,99.0944143231697,99.143019584959,99.2046524122044,99.3786612053484,..
Slovak Republic,SVK,"Educational attainment, at least completed post-secondary, population 25+, total (%) (cumulative)",SE.SEC.CUAT.PO.ZS,24.1399993896484,25.2399997711182,25.7079693622855,26.5985339974302,27.8421283631591,27.2756518214602,..
Slovak Republic,SVK,"Educational attainment, at least completed primary, population 25+ years, total (%) (cumulative)",SE.PRM.CUAT.ZS,99.7399978637695,99.7600021362305,99.7848046123581,99.7925771253339,99.8187431205755,99.8288698830934,..
Slovak Republic,SVK,"Educational attainment, at least completed short-cycle tertiary, population 25+, total (%) (cumulative)",SE.TER.CUAT.ST.ZS,22.1599998474121,23.0300006866455,23.8291195854314,24.67487008154,25.926378745484,25.430922995554,..
Slovak Republic,SVK,"Educational attainment, at least completed upper secondary, population 25+, total (%) (cumulative)",SE.SEC.CUAT.UP.ZS,87.7799987792969,87.6999969482422,89.1387053737615,89.8134922978643,90.2027102905863,90.0778830546204,..
Slovak Republic,SVK,"Educational attainment, at least Master's or equivalent, population 25+, total (%) (cumulative)",SE.TER.CUAT.MS.ZS,19.3600006103516,20.3199996948242,..,21.6294985145736,22.7860595601007,22.2570347403264,..
Slovak Republic,SVK,"Educational attainment, Doctoral or equivalent, population 25+, total (%) (cumulative)",SE.TER.CUAT.DO.ZS,0.839999973773956,0.839999973773956,0.706150792644015,0.853230964929143,0.948327414004642,0.752927649736529,..
Slovenia,SVN,"Educational attainment, at least Bachelor's or equivalent, population 25+, total (%) (cumulative)",SE.TER.CUAT.BA.ZS,20.7278361425149,21.5100002288818,23.7546282692119,26.5944067545062,26.0893187512836,22.0416035512248,..
Slovenia,SVN,"Educational attainment, at least completed lower secondary, population 25+, total (%) (cumulative)",SE.SEC.CUAT.LO.ZS,98.0149318299797,98.1699981689453,98.6180335335877,98.7359892481174,98.6029032449449,99.2717609687255,..
Slovenia,SVN,"Educational attainment, at least completed post-secondary, population 25+, total (%) (cumulative)",SE.SEC.CUAT.PO.ZS,..,..,..,..,..,..,..
Slovenia,SVN,"Educational attainment, at least completed primary, population 25+ years, total (%) (cumulative)",SE.PRM.CUAT.ZS,99.7966128630202,99.8000030517578,99.8072739086309,99.7133966632738,99.7098852395598,99.7987780463134,..
Slovenia,SVN,"Educational attainment, at least completed short-cycle tertiary, population 25+, total (%) (cumulative)",SE.TER.CUAT.ST.ZS,28.1374678101166,28.5200004577637,31.1054899815279,35.0028457862587,34.6595898759442,..,..
Slovenia,SVN,"Educational attainment, at least completed upper secondary, population 25+, total (%) (cumulative)",SE.SEC.CUAT.UP.ZS,82.7784258411314,82.9400024414062,84.8297258764264,86.0023322405167,86.0007499688961,82.339101036363,..
Slovenia,SVN,"Educational attainment, at least Master's or equivalent, population 25+, total (%) (cumulative)",SE.TER.CUAT.MS.ZS,15.4553481756289,16.2399997711182,17.6642328136844,18.0918538915527,17.1124644217704,13.7303847869801,..
Slovenia,SVN,"Educational attainment, Doctoral or equivalent, population 25+, total (%) (cumulative)",SE.TER.CUAT.DO.ZS,3.09895163832306,3.57999992370606,4.13803625645657,3.04085230583721,3.14410229072488,2.40675375117129,..
Spain,ESP,"Educational attainment, at least Bachelor's or equivalent, population 25+, total (%) (cumulative)",SE.TER.CUAT.BA.ZS,21.9400005340576,23.0752325230941,23.5799999237061,24.9023668874483,24.1534196804545,25.0426560264041,..
Spain,ESP,"Educational attainment, at least completed lower secondary, population 25+, total (%) (cumulative)",SE.SEC.CUAT.LO.ZS,77.7200012207031,81.0112166290588,80.7699966430664,83.3149933359569,83.932488771269,84.2945705682212,..
Spain,ESP,"Educational attainment, at least completed post-secondary, population 25+, total (%) (cumulative)",SE.SEC.CUAT.PO.ZS,31.1599998474121,32.9364029387337,33.5400009155273,35.1448711595995,34.7534476751461,36.0503596549557,..
Spain,ESP,"Educational attainment, at least completed primary, population 25+ years, total (%) (cumulative)",SE.PRM.CUAT.ZS,91.9199981689453,93.0545268422904,93.2200012207031,94.1731240768087,94.1924119196135,94.6451658484973,94.3698667643464
Spain,ESP,"Educational attainment, at least completed short-cycle tertiary, population 25+, total (%) (cumulative)",SE.TER.CUAT.ST.ZS,31.1100006103516,32.8515213623599,33.439998626709,35.0261771734475,34.6118481666599,35.9029838217422,35.4111354624227
Spain,ESP,"Educational attainment, at least completed upper secondary, population 25+, total (%) (cumulative)",SE.SEC.CUAT.UP.ZS,50.4199981689453,53.012303429667,53.2599983215332,55.3232507853649,54.7419193092956,55.9303998473828,55.6838432566667
Spain,ESP,"Educational attainment, at least Master's or equivalent, population 25+, total (%) (cumulative)",SE.TER.CUAT.MS.ZS,12.920000076294,13.4618575365264,14.1899995803833,14.8980703031656,14.2584386692193,14.8787903761637,..
Spain,ESP,"Educational attainment, Doctoral or equivalent, population 25+, total (%) (cumulative)",SE.TER.CUAT.DO.ZS,0.660000026226044,0.677440836806166,0.879999995231628,0.92650357936065,0.757789087120339,0.830905981627942,..
Sweden,SWE,"Educational attainment, at least Bachelor's or equivalent, population 25+, total (%) (cumulative)",SE.TER.CUAT.BA.ZS,30.9924607148911,25.0799999237061,32.541038761967,32.6151400648583,33.6641523203769,34.883027208531,..
Sweden,SWE,"Educational attainment, at least completed lower secondary, population 25+, total (%) (cumulative)",SE.SEC.CUAT.LO.ZS,95.7747006105223,92.0100021362305,96.3864575810096,94.4913653843336,94.543316288013,95.4335018149732,..
Sweden,SWE,"Educational attainment, at least completed post-secondary, population 25+, total (%) (cumulative)",SE.SEC.CUAT.PO.ZS,..,40,..,49.2745870374326,50.8118527795601,52.5325932598817,..
Sweden,SWE,"Educational attainment, at least completed primary, population 25+ years, total (%) (cumulative)",SE.PRM.CUAT.ZS,100,100,100,100,100,100,..
Sweden,SWE,"Educational attainment, at least completed short-cycle tertiary, population 25+, total (%) (cumulative)",SE.TER.CUAT.ST.ZS,..,34.0299987792969,..,42.5267665060932,43.8464548441738,45.2151574712396,..
Sweden,SWE,"Educational attainment, at least completed upper secondary, population 25+, total (%) (cumulative)",SE.SEC.CUAT.UP.ZS,83.172673189653,77.2600021362305,84.2121403696943,83.1048471312952,83.959668073826,84.7437742934447,..
Sweden,SWE,"Educational attainment, at least Master's or equivalent, population 25+, total (%) (cumulative)",SE.TER.CUAT.MS.ZS,14.7067124187058,11.8500003814697,15.2292865010524,15.5701098819435,16.140001314884,16.9707518931891,..
Sweden,SWE,"Educational attainment, Doctoral or equivalent, population 25+, total (%) (cumulative)",SE.TER.CUAT.DO.ZS,1.5922984820056,1.28999996185303,1.71735310100008,1.81300230449111,1.84892788899631,..,..
Switzerland,CHE,"Educational attainment, at least Bachelor's or equivalent, population 25+, total (%) (cumulative)",SE.TER.CUAT.BA.ZS,38.9846808461516,39.555597158669,40.4104658667547,39.9859430595539,39.9547282957949,41.2647756874978,41.6142824106006
Switzerland,CHE,"Educational attainment, at least completed lower secondary, population 25+, total (%) (cumulative)",SE.SEC.CUAT.LO.ZS,97.0899963378906,97.1900024414062,97.2358464399196,97.9603789765694,98.0615729035049,98.1784897668191,98.1873131956611
Switzerland,CHE,"Educational attainment, at least completed post-secondary, population 25+, total (%) (cumulative)",SE.SEC.CUAT.PO.ZS,38.9846808461516,39.555597158669,40.4104658667547,39.9859430595539,39.9547282957949,41.2647756874978,41.6142824106006
Switzerland,CHE,"Educational attainment, at least completed primary, population 25+ years, total (%) (cumulative)",SE.PRM.CUAT.ZS,99.6699981689453,99.5899963378906,99.5570380354095,99.6574995133958,99.6316136861944,99.6536888771555,99.6176761015283
Switzerland,CHE,"Educational attainment, at least completed short-cycle tertiary, population 25+, total (%) (cumulative)",SE.TER.CUAT.ST.ZS,38.9799995422363,39.6599998474121,40.4104658667547,39.9859430595539,39.9547282957949,41.2647756874978,41.6142824106006
Switzerland,CHE,"Educational attainment, at least completed upper secondary, population 25+, total (%) (cumulative)",SE.SEC.CUAT.UP.ZS,85.6800003051758,86.6500015258789,86.870062106571,84.5048573551638,83.8835734864297,84.2772222135807,84.3823784776807
Switzerland,CHE,"Educational attainment, at least Master's or equivalent, population 25+, total (%) (cumulative)",SE.TER.CUAT.MS.ZS,19.9699993133545,20.1299991607666,20.2927096992424,18.5984716757292,18.0293780780206,18.8233705990973,19.1333717159282
Switzerland,CHE,"Educational attainment, Doctoral or equivalent, population 25+, total (%) (cumulative)",SE.TER.CUAT.DO.ZS,2.9300000667572,2.96000003814697,2.87605626244268,2.95438791852723,3.14679415043531,3.24679856278492,3.30906845420646
Tajikistan,TJK,"Educational attainment, at least Bachelor's or equivalent, population 25+, total (%) (cumulative)",SE.TER.CUAT.BA.ZS,..,..,..,..,..,..,..
Tajikistan,TJK,"Educational attainment, at least completed lower secondary, population 25+, total (%) (cumulative)",SE.SEC.CUAT.LO.ZS,..,..,..,..,..,..,..
Tajikistan,TJK,"Educational attainment, at least completed post-secondary, population 25+, total (%) (cumulative)",SE.SEC.CUAT.PO.ZS,..,..,..,..,..,..,..
Tajikistan,TJK,"Educational attainment, at least completed primary, population 25+ years, total (%) (cumulative)",SE.PRM.CUAT.ZS,..,..,..,..,..,..,..
Tajikistan,TJK,"Educational attainment, at least completed short-cycle tertiary, population 25+, total (%) (cumulative)",SE.TER.CUAT.ST.ZS,..,..,..,..,..,..,..
Tajikistan,TJK,"Educational attainment, at least completed upper secondary, population 25+, total (%) (cumulative)",SE.SEC.CUAT.UP.ZS,..,..,..,..,..,..,..
Tajikistan,TJK,"Educational attainment, at least Master's or equivalent, population 25+, total (%) (cumulative)",SE.TER.CUAT.MS.ZS,..,..,..,..,..,..,..
Tajikistan,TJK,"Educational attainment, Doctoral or equivalent, population 25+, total (%) (cumulative)",SE.TER.CUAT.DO.ZS,..,..,..,..,..,..,..
Turkiye,TUR,"Educational attainment, at least Bachelor's or equivalent, population 25+, total (%) (cumulative)",SE.TER.CUAT.BA.ZS,..,..,..,20.4976116552789,20.9415740107689,21.8643391177776,..
Turkiye,TUR,"Educational attainment, at least completed lower secondary, population 25+, total (%) (cumulative)",SE.SEC.CUAT.LO.ZS,..,66.0199966430664,..,..,..,54.3120565948814,..
Turkiye,TUR,"Educational attainment, at least completed post-secondary, population 25+, total (%) (cumulative)",SE.SEC.CUAT.PO.ZS,..,..,..,..,..,..,..
Turkiye,TUR,"Educational attainment, at least completed primary, population 25+ years, total (%) (cumulative)",SE.PRM.CUAT.ZS,82.8298728227185,91.0400009155273,84.4980037842321,85.0500652302289,85.3675616236604,86.2253516011685,..
Turkiye,TUR,"Educational attainment, at least completed short-cycle tertiary, population 25+, total (%) (cumulative)",SE.TER.CUAT.ST.ZS,17.3059776845331,20.7600002288818,19.7006704120313,20.4976116552789,20.9415740107689,21.8643391177776,..
Turkiye,TUR,"Educational attainment, at least completed upper secondary, population 25+, total (%) (cumulative)",SE.SEC.CUAT.UP.ZS,33.5020027713147,42.1699981689453,36.4845848043889,37.7613341085524,39.2632895114887,41.0625784422624,..
Turkiye,TUR,"Educational attainment, at least Master's or equivalent, population 25+, total (%) (cumulative)",SE.TER.CUAT.MS.ZS,..,2.57999992370606,..,..,15.1926727276353,15.8311529353345,..
Turkiye,TUR,"Educational attainment, Doctoral or equivalent, population 25+, total (%) (cumulative)",SE.TER.CUAT.DO.ZS,..,0.419999986886978,..,2.30503082818869,2.52125887839416,2.73705754946055,..
Turkmenistan,TKM,"Educational attainment, at least Bachelor's or equivalent, population 25+, total (%) (cumulative)",SE.TER.CUAT.BA.ZS,..,13.8386697769165,..,..,9.59000015258789,..,..
Turkmenistan,TKM,"Educational attainment, at least completed lower secondary, population 25+, total (%) (cumulative)",SE.SEC.CUAT.LO.ZS,..,98.279167175293,..,..,99.5999984741211,..,..
Turkmenistan,TKM,"Educational attainment, at least completed post-secondary, population 25+, total (%) (cumulative)",SE.SEC.CUAT.PO.ZS,..,..,..,..,22.0400009155273,..,..
Turkmenistan,TKM,"Educational attainment, at least completed primary, population 25+ years, total (%) (cumulative)",SE.PRM.CUAT.ZS,..,99.6261215209961,..,..,99.6900024414062,..,..
Turkmenistan,TKM,"Educational attainment, at least completed short-cycle tertiary, population 25+, total (%) (cumulative)",SE.TER.CUAT.ST.ZS,..,..,..,..,17.4099998474121,..,..
Turkmenistan,TKM,"Educational attainment, at least completed upper secondary, population 25+, total (%) (cumulative)",SE.SEC.CUAT.UP.ZS,..,..,..,..,98.379997253418,..,..
Turkmenistan,TKM,"Educational attainment, at least Master's or equivalent, population 25+, total (%) (cumulative)",SE.TER.CUAT.MS.ZS,..,..,..,..,..,..,..
Turkmenistan,TKM,"Educational attainment, Doctoral or equivalent, population 25+, total (%) (cumulative)",SE.TER.CUAT.DO.ZS,..,..,..,..,0.0199999995529652,..,..
Ukraine,UKR,"Educational attainment, at least Bachelor's or equivalent, population 25+, total (%) (cumulative)",SE.TER.CUAT.BA.ZS,..,34.7476005554199,..,..,..,..,..
Ukraine,UKR,"Educational attainment, at least completed lower secondary, population 25+, total (%) (cumulative)",SE.SEC.CUAT.LO.ZS,..,99.3461380004883,..,..,..,..,..
Ukraine,UKR,"Educational attainment, at least completed post-secondary, population 25+, total (%) (cumulative)",SE.SEC.CUAT.PO.ZS,..,..,..,..,..,..,..
Ukraine,UKR,"Educational attainment, at least completed primary, population 25+ years, total (%) (cumulative)",SE.PRM.CUAT.ZS,100,100,100,100,..,..,..
Ukraine,UKR,"Educational attainment, at least completed short-cycle tertiary, population 25+, total (%) (cumulative)",SE.TER.CUAT.ST.ZS,49.4248718947039,46.9787323429629,47.213115135608,47.7902248280419,..,..,..
Ukraine,UKR,"Educational attainment, at least completed upper secondary, population 25+, total (%) (cumulative)",SE.SEC.CUAT.UP.ZS,74.8526755373297,70.9834079875464,71.541758874926,72.4826763598536,..,..,..
Ukraine,UKR,"Educational attainment, at least Master's or equivalent, population 25+, total (%) (cumulative)",SE.TER.CUAT.MS.ZS,..,..,..,..,..,..,..
Ukraine,UKR,"Educational attainment, Doctoral or equivalent, population 25+, total (%) (cumulative)",SE.TER.CUAT.DO.ZS,..,..,..,..,..,..,..
United Kingdom,GBR,"Educational attainment, at least Bachelor's or equivalent, population 25+, total (%) (cumulative)",SE.TER.CUAT.BA.ZS,..,..,37.2799987792969,39.5900001525879,..,..,..
United Kingdom,GBR,"Educational attainment, at least completed lower secondary, population 25+, total (%) (cumulative)",SE.SEC.CUAT.LO.ZS,..,..,99.8000030517578,99.8099975585938,..,..,..
United Kingdom,GBR,"Educational attainment, at least completed post-secondary, population 25+, total (%) (cumulative)",SE.SEC.CUAT.PO.ZS,..,..,..,..,..,..,..
United Kingdom,GBR,"Educational attainment, at least completed primary, population 25+ years, total (%) (cumulative)",SE.PRM.CUAT.ZS,..,..,100,100,..,..,..
United Kingdom,GBR,"Educational attainment, at least completed short-cycle tertiary, population 25+, total (%) (cumulative)",SE.TER.CUAT.ST.ZS,..,..,47.2400016784668,48.6699981689453,..,..,..
United Kingdom,GBR,"Educational attainment, at least completed upper secondary, population 25+, total (%) (cumulative)",SE.SEC.CUAT.UP.ZS,..,..,79.9100036621094,80.4599990844727,..,..,..
United Kingdom,GBR,"Educational attainment, at least Master's or equivalent, population 25+, total (%) (cumulative)",SE.TER.CUAT.MS.ZS,..,..,13.579999923706,14.3699998855591,..,..,..
United Kingdom,GBR,"Educational attainment, Doctoral or equivalent, population 25+, total (%) (cumulative)",SE.TER.CUAT.DO.ZS,..,..,1.08000004291534,1.27999997138977,..,..,..
Uzbekistan,UZB,"Educational attainment, at least Bachelor's or equivalent, population 25+, total (%) (cumulative)",SE.TER.CUAT.BA.ZS,16.2999992370606,16.4300003051758,..,16.4500007629394,16.8500003814697,..,..
Uzbekistan,UZB,"Educational attainment, at least completed lower secondary, population 25+, total (%) (cumulative)",SE.SEC.CUAT.LO.ZS,99.9000015258789,99.9199981689453,..,99.9400024414062,99.9800033569336,..,..
Uzbekistan,UZB,"Educational attainment, at least completed post-secondary, population 25+, total (%) (cumulative)",SE.SEC.CUAT.PO.ZS,..,..,..,..,..,..,..
Uzbekistan,UZB,"Educational attainment, at least completed primary, population 25+ years, total (%) (cumulative)",SE.PRM.CUAT.ZS,99.9899978637695,100,100,100,100,..,..
Uzbekistan,UZB,"Educational attainment, at least completed short-cycle tertiary, population 25+, total (%) (cumulative)",SE.TER.CUAT.ST.ZS,63.8899993896484,69.1800003051758,..,61.6199989318848,61.5099983215332,..,..
Uzbekistan,UZB,"Educational attainment, at least completed upper secondary, population 25+, total (%) (cumulative)",SE.SEC.CUAT.UP.ZS,96.1500015258789,96.6800003051758,98.2941967056424,96.0400009155273,96.8399963378906,..,..
Uzbekistan,UZB,"Educational attainment, at least Master's or equivalent, population 25+, total (%) (cumulative)",SE.TER.CUAT.MS.ZS,..,..,..,..,..,..,..
Uzbekistan,UZB,"Educational attainment, Doctoral or equivalent, population 25+, total (%) (cumulative)",SE.TER.CUAT.DO.ZS,..,..,..,..,..,..,..
,,,,,,,,,,
,,,,,,,,,,
,,,,,,,,,,
Data from database: World Development Indicators,,,,,,,,,,
Last Updated: 01/28/2026,,,,,,,,,,
