Variable code,Variable,Helper,Scale,Missing/Omitted,Questionnaire Type,2023,2024,Change,Matched,Category,Add to Master
ASBG01,GEN\SEX OF STUDENT (2023),GEN\SEX OF STUDENT,1: Girl; 2: Boy; 3: <Other>,9: Omitted or invalid; Sysmis: Not administered,Student Questionnaire,✓,,Both,,Demographic,
ASBLG01,GEN\SEX OF STUDENT (2024),GEN\SEX OF STUDENT,1: Girl; 2: Boy; 3: <Other>,9: Omitted or invalid; Sysmis: Not administered,Student Questionnaire,,✓,Both,,Demographic,
ASBH05,GEN\AGE OF CHILD BEGINNING SCHOOL (2023),GEN\AGE OF CHILD BEGINNING SCHOOL,1: 5 years old or younger; 2: 6 years old; 3: 7 years old; 4: 8 years old or older,9: Omitted or invalid; Sysmis: Not administered,Home Questionnaire,✓,,2023 only,,ECE,
ASBH04AA,GEN\ATTEND\EARLY CHILDHOOD EDUCATION (2023),GEN\ATTEND\EARLY CHILDHOOD EDUCATION,1: Yes; 2: No,9: Omitted or invalid; Sysmis: Not administered,Home Questionnaire,✓,,2023 only,,ECE,
ASBH04AB,GEN\ATTEND\PRE PRIMARY EDUCATION (2023),GEN\ATTEND\PRE PRIMARY EDUCATION,1: Yes; 2: No,9: Omitted or invalid; Sysmis: Not administered,Home Questionnaire,✓,,2023 only,,ECE,
ASBH04B,GEN\HOW LONG ATTENDED PROGRAMS (2023),GEN\HOW LONG ATTENDED PROGRAMS,1: Did not attend; 2: Less than 1 year; 3: 1 year; 4: 2 years; 5: 3 years; 6: 4 years or more,9: Omitted or invalid; Sysmis: Not administered,Home Questionnaire,✓,,2023 only,,ECE,
ASDHAPS,Student Attended Preprimary Education (2023),Student Attended Preprimary Education,1: Did Not Attend; 2: 1 Year or Less; 3: 2 Years; 4: 3 Years or More,9: Omitted or invalid; SYSMIS: Not administered,Home Questionnaire,✓,,2023 only,,ECE,
ASBH10,GEN\AMOUNT OF BOOKS AT HOME (2023),GEN\AMOUNT OF BOOKS AT HOME,1: 0–10; 2: 11–25; 3: 26–100; 4: 101–200; 5: More than 200,9: Omitted or invalid; Sysmis: Not administered,Home Questionnaire,✓,,Both,,Home Resources,
ASBLH08,GEN\AMOUNT OF BOOKS AT HOME (2024),GEN\AMOUNT OF BOOKS AT HOME,1: 0–10; 2: 11–25; 3: 26–100; 4: 101–200; 5: More than 200,9: Omitted or invalid; Sysmis: Not administered,Home Questionnaire,,✓,Both,,Home Resources,
ASBH11,GEN\AMOUNT OF BOOKS FOR CHILDREN AT HOME (2023),GEN\AMOUNT OF BOOKS FOR CHILDREN AT HOME,1: 0–10; 2: 11–25; 3: 26–50; 4: 51–100; 5: More than 100,9: Omitted or invalid; Sysmis: Not administered,Home Questionnaire,✓,,Both,,Home Resources,
ASBLH09,GEN\AMOUNT OF BOOKS FOR CHILDREN AT HOME (2024),GEN\AMOUNT OF BOOKS FOR CHILDREN AT HOME,1: 0–10; 2: 11–25; 3: 26–50; 4: 51–100; 5: More than 100,9: Omitted or invalid; Sysmis: Not administered,Home Questionnaire,,✓,Both,,Home Resources,
ASBG04,GEN\AMOUNT OF BOOKS IN YOUR HOME (2023),GEN\AMOUNT OF BOOKS IN YOUR HOME,1: None or very few (0–10 books); 2: Enough to fill one shelf (11–25 books); 3: Enough to fill one bookcase (26–100 books); 4: Enough to fill two bookcases (101–200 books); 5: Enough to fill three or more bookcases (more than 200),9: Omitted or invalid; Sysmis: Not administered,Student Questionnaire,✓,,Both,,Home Resources,
ASBLG04,GEN\AMOUNT OF BOOKS IN YOUR HOME (2024),GEN\AMOUNT OF BOOKS IN YOUR HOME,1: None or very few (0–10 books); 2: Enough to fill one shelf (11–25 books); 3: Enough to fill one bookcase (26–100 books); 4: Enough to fill two bookcases (101–200 books); 5: Enough to fill three or more bookcases (more than 200),9: Omitted or invalid; Sysmis: Not administered,Student Questionnaire,,✓,Both,,Home Resources,
ASBH12A,GEN\DIGITAL RESOURCES\COMPUTER OR LAPTOP (2023),GEN\DIGITAL RESOURCES\COMPUTER OR LAPTOP,1: Yes; 2: No,9: Omitted or invalid; Sysmis: Not administered,Home Questionnaire,✓,,Both,,Home Resources,
ASBLH10A,GEN\DIGITAL RESOURCES\COMPUTER OR LAPTOP (2024),GEN\DIGITAL RESOURCES\COMPUTER OR LAPTOP,1: Yes; 2: No,9: Omitted or invalid; Sysmis: Not administered,Home Questionnaire,,✓,Both,,Home Resources,
ASBH12C,GEN\DIGITAL RESOURCES\INTERNET ACCESS (2023),GEN\DIGITAL RESOURCES\INTERNET ACCESS,1: Yes; 2: No,9: Omitted or invalid; Sysmis: Not administered,Home Questionnaire,✓,,Both,,Home Resources,
ASBLH10C,GEN\DIGITAL RESOURCES\INTERNET ACCESS (2024),GEN\DIGITAL RESOURCES\INTERNET ACCESS,1: Yes; 2: No,9: Omitted or invalid; Sysmis: Not administered,Home Questionnaire,,✓,Both,,Home Resources,
ASBH12B,GEN\DIGITAL RESOURCES\TABLET OR EREADER (2023),GEN\DIGITAL RESOURCES\TABLET OR EREADER,1: Yes; 2: No,9: Omitted or invalid; Sysmis: Not administered,Home Questionnaire,✓,,Both,,Home Resources,
ASBLH10B,GEN\DIGITAL RESOURCES\TABLET OR EREADER (2024),GEN\DIGITAL RESOURCES\TABLET OR EREADER,1: Yes; 2: No,9: Omitted or invalid; Sysmis: Not administered,Home Questionnaire,,✓,Both,,Home Resources,
ASBG05G,GEN\HOME POSSESS\<COUNTRY SPECIFIC> (2023),GEN\HOME POSSESS\<COUNTRY SPECIFIC>,1: Yes; 2: No,9: Omitted or invalid; Sysmis: Not administered,Student Questionnaire,✓,,Both,,Home Resources,
ASBG05H,GEN\HOME POSSESS\<COUNTRY SPECIFIC> (2023),GEN\HOME POSSESS\<COUNTRY SPECIFIC>,1: Yes; 2: No,9: Omitted or invalid; Sysmis: Not administered,Student Questionnaire,✓,,Both,,Home Resources,
ASBG05I,GEN\HOME POSSESS\<COUNTRY SPECIFIC> (2023),GEN\HOME POSSESS\<COUNTRY SPECIFIC>,1: Yes; 2: No,9: Omitted or invalid; Sysmis: Not administered,Student Questionnaire,✓,,Both,,Home Resources,
ASBG05J,GEN\HOME POSSESS\<COUNTRY SPECIFIC> (2023),GEN\HOME POSSESS\<COUNTRY SPECIFIC>,1: Yes; 2: No,9: Omitted or invalid; Sysmis: Not administered,Student Questionnaire,✓,,Both,,Home Resources,
ASBG05D,GEN\HOME POSSESS\INTERNET ACCESS (2023),GEN\HOME POSSESS\INTERNET ACCESS,1: Yes; 2: No,9: Omitted or invalid; Sysmis: Not administered,Student Questionnaire,✓,,Both,,Home Resources,
ASBLG05D,GEN\HOME POSSESS\INTERNET ACCESS (2024),GEN\HOME POSSESS\INTERNET ACCESS,1: Yes; 2: No,9: Omitted or invalid; Sysmis: Not administered,Student Questionnaire,,✓,Both,,Home Resources,
ASBG05A,GEN\HOME POSSESS\OWN COMPUTER (2023),GEN\HOME POSSESS\OWN COMPUTER,1: Yes; 2: No,9: Omitted or invalid; Sysmis: Not administered,Student Questionnaire,✓,,Both,,Home Resources,
ASBLG05A,GEN\HOME POSSESS\OWN COMPUTER (2024),GEN\HOME POSSESS\OWN COMPUTER,1: Yes; 2: No,9: Omitted or invalid; Sysmis: Not administered,Student Questionnaire,,✓,Both,,Home Resources,
ASBG05F,GEN\HOME POSSESS\OWN ROOM (2023),GEN\HOME POSSESS\OWN ROOM,1: Yes; 2: No,9: Omitted or invalid; Sysmis: Not administered,Student Questionnaire,✓,,Both,,Home Resources,
ASBLG05F,GEN\HOME POSSESS\OWN ROOM (2024),GEN\HOME POSSESS\OWN ROOM,1: Yes; 2: No,9: Omitted or invalid; Sysmis: Not administered,Student Questionnaire,,✓,Both,,Home Resources,
ASBG05B,GEN\HOME POSSESS\SHARED COMPUTER (2023),GEN\HOME POSSESS\SHARED COMPUTER,1: Yes; 2: No,9: Omitted or invalid; Sysmis: Not administered,Student Questionnaire,✓,,Both,,Home Resources,
ASBLG05B,GEN\HOME POSSESS\SHARED COMPUTER (2024),GEN\HOME POSSESS\SHARED COMPUTER,1: Yes; 2: No,9: Omitted or invalid; Sysmis: Not administered,Student Questionnaire,,✓,Both,,Home Resources,
ASBG05C,GEN\HOME POSSESS\SMARTPHONE (2023),GEN\HOME POSSESS\SMARTPHONE,1: Yes; 2: No,9: Omitted or invalid; Sysmis: Not administered,Student Questionnaire,✓,,Both,,Home Resources,
ASBLG05C,GEN\HOME POSSESS\SMARTPHONE (2024),GEN\HOME POSSESS\SMARTPHONE,1: Yes; 2: No,9: Omitted or invalid; Sysmis: Not administered,Student Questionnaire,,✓,Both,,Home Resources,
ASBG05E,GEN\HOME POSSESS\STUDY DESK (2023),GEN\HOME POSSESS\STUDY DESK,1: Yes; 2: No,9: Omitted or invalid; Sysmis: Not administered,Student Questionnaire,✓,,Both,,Home Resources,
ASBLG05E,GEN\HOME POSSESS\STUDY DESK (2024),GEN\HOME POSSESS\STUDY DESK,1: Yes; 2: No,9: Omitted or invalid; Sysmis: Not administered,Student Questionnaire,,✓,Both,,Home Resources,
ASDGHRL,Home Resources for Learning/IDX (2023),Home Resources for Learning/IDX,1: Many Resources; 2: Some Resources; 3: Few Resources,9: Omitted or invalid; SYSMIS: Not administered,Home Questionnaire,✓,,Both,,Home Resources,
ASDLGHRL,Home Resources for Learning/IDX (2024),Home Resources for Learning/IDX,1: Many Resources; 2: Some Resources; 3: Few Resources,9: Omitted or invalid; SYSMIS: Not administered,Home Questionnaire,,✓,Both,,Home Resources,
ASDGHRL,Home Resources for Learning/IDX (2023),Home Resources for Learning/IDX,1: Many Resources; 2: Some Resources; 3: Few Resources,9: Omitted or invalid; SYSMIS: Not administered,Student Questionnaire,✓,,Both,,Home Resources,
ASDLGHRL,Home Resources for Learning/IDX (2024),Home Resources for Learning/IDX,1: Many Resources; 2: Some Resources; 3: Few Resources,9: Omitted or invalid; SYSMIS: Not administered,Student Questionnaire,,✓,Both,,Home Resources,
ASBGHRL,Home Resources for Learning/SCL (2023),Home Resources for Learning/SCL,,999999: Omitted or invalid; SYSMIS: Not administered,Home Questionnaire,✓,,Both,,Home Resources,
ASBLGHRL,Home Resources for Learning/SCL (2024),Home Resources for Learning/SCL,,999999: Omitted or invalid; SYSMIS: Not administered,Home Questionnaire,,✓,Both,,Home Resources,
ASBGHRL,Home Resources for Learning/SCL (2023),Home Resources for Learning/SCL,,999999: Omitted or invalid; SYSMIS: Not administered,Student Questionnaire,✓,,Both,,Home Resources,
ASBLGHRL,Home Resources for Learning/SCL (2024),Home Resources for Learning/SCL,,999999: Omitted or invalid; SYSMIS: Not administered,Student Questionnaire,,✓,Both,,Home Resources,
ASDG05S,Number of Home Study Supports (2023),Number of Home Study Supports,1: Neither Own Room nor Access to the Internet; 2: Either Own Room or Access to the Internet; 3: Both Own Room and Access to the Internet,9: Omitted or invalid; SYSMIS: Not administered,Student Questionnaire,,✓,Both,,Home Resources,
ASDLG05S,Number of Home Study Supports (2024),Number of Home Study Supports,1: Neither Own Room nor Access to the Internet; 2: Either Own Room or Access to the Internet; 3: Both Own Room and Access to the Internet,9: Omitted or invalid; SYSMIS: Not administered,Student Questionnaire,,✓,Both,,Home Resources,
ASBH16A,GEN\LVL OF EDUCATION\<PARENT/GUARDIAN A> (2023),GEN\LVL OF EDUCATION\<PARENT/GUARDIAN A>,"1: Did not go to school; 2: Some <Primary education—ISCED Level 1 or Lower secondary education—ISCED Level 2>; 3: <Lower secondary education—ISCED Level 2>; 4: <Upper secondary education—ISCED Level 3>; 5: <Post-secondary, non-tertiary education—ISCED Level 4>; 6: <Short-cycle tertiary education—ISCED Level 5>; 7: <Bachelor’s or equivalent level—ISCED Level 6>; 8: <Postgraduate degree: Master’s—ISCED Level 7 or Doctor—ISCED Level 8>; 9: Not applicable",99: Omitted or invalid; Sysmis: Not administered,Home Questionnaire,✓,,Both,,Home SES,
ASBLH13A,GEN\LVL OF EDUCATION\<PARENT/GUARDIAN A> (2024),GEN\LVL OF EDUCATION\<PARENT/GUARDIAN A>,"1: Did not go to school; 2: Some <Primary education—ISCED Level 1 or Lower secondary education—ISCED Level 2>; 3: <Lower secondary education—ISCED Level 2>; 4: <Upper secondary education—ISCED Level 3>; 5: <Post-secondary, non-tertiary education—ISCED Level 4>; 6: <Short-cycle tertiary education—ISCED Level 5>; 7: <Bachelor’s or equivalent level—ISCED Level 6>; 8: <Postgraduate degree: Master’s—ISCED Level 7 or Doctor—ISCED Level 8>; 9: Not applicable",99: Omitted or invalid; Sysmis: Not administered,Home Questionnaire,,✓,Both,,Home SES,
ASBH16B,GEN\LVL OF EDUCATION\<PARENT/GUARDIAN B> (2023),GEN\LVL OF EDUCATION\<PARENT/GUARDIAN B>,"1: Did not go to school; 2: Some <Primary education—ISCED Level 1 or Lower secondary education—ISCED Level 2>; 3: <Lower secondary education—ISCED Level 2>; 4: <Upper secondary education—ISCED Level 3>; 5: <Post-secondary, non-tertiary education—ISCED Level 4>; 6: <Short-cycle tertiary education—ISCED Level 5>; 7: <Bachelor’s or equivalent level—ISCED Level 6>; 8: <Postgraduate degree: Master’s—ISCED Level 7 or Doctor—ISCED Level 8>; 9: Not applicable",99: Omitted or invalid; Sysmis: Not administered,Home Questionnaire,✓,,Both,,Home SES,
ASBLH13B,GEN\LVL OF EDUCATION\<PARENT/GUARDIAN B> (2024),GEN\LVL OF EDUCATION\<PARENT/GUARDIAN B>,"1: Did not go to school; 2: Some <Primary education—ISCED Level 1 or Lower secondary education—ISCED Level 2>; 3: <Lower secondary education—ISCED Level 2>; 4: <Upper secondary education—ISCED Level 3>; 5: <Post-secondary, non-tertiary education—ISCED Level 4>; 6: <Short-cycle tertiary education—ISCED Level 5>; 7: <Bachelor’s or equivalent level—ISCED Level 6>; 8: <Postgraduate degree: Master’s—ISCED Level 7 or Doctor—ISCED Level 8>; 9: Not applicable",99: Omitted or invalid; Sysmis: Not administered,Home Questionnaire,,✓,Both,,Home SES,
ASBH17,GEN\LVL OF EDUCATION\CHILD (2023),GEN\LVL OF EDUCATION\CHILD,"1: Finish <Lower secondary education—ISCED Level 2>; 2: Finish <Upper secondary education—ISCED Level 3>; 3: Finish <Post-secondary, non-tertiary education—ISCED Level 4>; 4: Finish <Short-cycle tertiary education —ISCED Level 5>; 5: Finish <Bachelor’s or equivalent level—ISCED Level 6>; 6: Finish <Postgraduate degree: Master’s—ISCED Level 7 or Doctor—ISCED Level 8>",9: Omitted or invalid; Sysmis: Not administered,Home Questionnaire,✓,,Both,,Home SES,
ASBLH14,GEN\LVL OF EDUCATION\CHILD (2024),GEN\LVL OF EDUCATION\CHILD,"1: Finish <Lower secondary education—ISCED Level 2>; 2: Finish <Upper secondary education—ISCED Level 3>; 3: Finish <Post-secondary, non-tertiary education—ISCED Level 4>; 4: Finish <Short-cycle tertiary education —ISCED Level 5>; 5: Finish <Bachelor’s or equivalent level—ISCED Level 6>; 6: Finish <Postgraduate degree: Master’s—ISCED Level 7 or Doctor—ISCED Level 8>",9: Omitted or invalid; Sysmis: Not administered,Home Questionnaire,,✓,Both,,Home SES,
ASBH18A,GEN\WHAT KIND OF MAIN JOB\<PARENT/GUARDIAN A> (2023),GEN\WHAT KIND OF MAIN JOB\<PARENT/GUARDIAN A>,1: Has never worked for pay; 2: Small Business Owner; 3: Clerical Worker; 4: Service or Sales Worker; 5: Skilled Agricultural or Fishery Worker; 6: Craft or Trade Worker; 7: Plant or Machine Operator; 8: General Laborers; 9: Corporate Manager or Senior Official; 10: Professional; 11: Technician or Associate Professional; 12: Not applicable,99: Omitted or invalid; Sysmis: Not administered,Home Questionnaire,✓,,Both,,Home SES,
ASBLH15A,GEN\WHAT KIND OF MAIN JOB\<PARENT/GUARDIAN A> (2024),GEN\WHAT KIND OF MAIN JOB\<PARENT/GUARDIAN A>,1: Has never worked for pay; 2: Small Business Owner; 3: Clerical Worker; 4: Service or Sales Worker; 5: Skilled Agricultural or Fishery Worker; 6: Craft or Trade Worker; 7: Plant or Machine Operator; 8: General Laborers; 9: Corporate Manager or Senior Official; 10: Professional; 11: Technician or Associate Professional; 12: Not applicable,99: Omitted or invalid; Sysmis: Not administered,Home Questionnaire,,✓,Both,,Home SES,
ASBH18B,GEN\WHAT KIND OF MAIN JOB\<PARENT/GUARDIAN B> (2023),GEN\WHAT KIND OF MAIN JOB\<PARENT/GUARDIAN B>,1: Has never worked for pay; 2: Small Business Owner; 3: Clerical Worker; 4: Service or Sales Worker; 5: Skilled Agricultural or Fishery Worker; 6: Craft or Trade Worker; 7: Plant or Machine Operator; 8: General Laborers; 9: Corporate Manager or Senior Official; 10: Professional; 11: Technician or Associate Professional; 12: Not applicable,99: Omitted or invalid; Sysmis: Not administered,Home Questionnaire,✓,,Both,,Home SES,
ASBLH15B,GEN\WHAT KIND OF MAIN JOB\<PARENT/GUARDIAN B> (2024),GEN\WHAT KIND OF MAIN JOB\<PARENT/GUARDIAN B>,1: Has never worked for pay; 2: Small Business Owner; 3: Clerical Worker; 4: Service or Sales Worker; 5: Skilled Agricultural or Fishery Worker; 6: Craft or Trade Worker; 7: Plant or Machine Operator; 8: General Laborers; 9: Corporate Manager or Senior Official; 10: Professional; 11: Technician or Associate Professional; 12: Not applicable,99: Omitted or invalid; Sysmis: Not administered,Home Questionnaire,,✓,Both,,Home SES,
ASDHSES,Home Socioeconomic Status/IDX (2023),Home Socioeconomic Status/IDX,1: Higher; 2: Middle; 3: Lower,9: Omitted or invalid; SYSMIS: Not administered,Home Questionnaire,✓,,Both,,Home SES,
ASDLHSES,Home Socioeconomic Status/IDX (2024),Home Socioeconomic Status/IDX,1: Higher; 2: Middle; 3: Lower,9: Omitted or invalid; SYSMIS: Not administered,Home Questionnaire,,✓,Both,,Home SES,
ASBHSES,Home Socioeconomic Status/SCL (2023),Home Socioeconomic Status/SCL,,999999: Omitted or invalid; SYSMIS: Not administered,Home Questionnaire,✓,,Both,,Home SES,
ASBLHSES,Home Socioeconomic Status/SCL (2024),Home Socioeconomic Status/SCL,,999999: Omitted or invalid; SYSMIS: Not administered,Home Questionnaire,,✓,Both,,Home SES,
ASDHEDUP,Parents' Highest Education Level (2023),Parents' Highest Education Level,1: University or Higher; 2: Post-Secondary Education but not University; 3: Upper Secondary; 4: Lower Secondary; 5: Some Primary or Lower Secondary or Did not go to School; 6: Not Applicable,9: Omitted or invalid; SYSMIS: Not administered,Home Questionnaire,✓,,Both,,Home SES,
ASDLHEDUP,Parents' Highest Education Level (2024),Parents' Highest Education Level,1: University or Higher; 2: Post-Secondary Education but not University; 3: Upper Secondary; 4: Lower Secondary; 5: Some Primary or Lower Secondary or Did not go to School; 6: Not Applicable,9: Omitted or invalid; SYSMIS: Not administered,Home Questionnaire,,✓,Both,,Home SES,
ASDHOCCP,Parents' Occupation (2023),Parents' Occupation,1: Professional; 2: Small Business Owner; 3: Clerical; 4: Skilled Worker; 5: General Laborer; 6: Never Worked for Pay; 7: Not Applicable;,9: Omitted or invalid; SYSMIS: Not administered,Home Questionnaire,✓,,Both,,Home SES,
ASDLHOCCP,Parents' Occupation (2024),Parents' Occupation,1: Professional; 2: Small Business Owner; 3: Clerical; 4: Skilled Worker; 5: General Laborer; 6: Never Worked for Pay; 7: Not Applicable;,9: Omitted or invalid; SYSMIS: Not administered,Home Questionnaire,,✓,Both,,Home SES,
ACBG06C,GEN\INSTRUCTIONAL DAYS IN 1 CALENDER WEEK (2023),GEN\INSTRUCTIONAL DAYS IN 1 CALENDER WEEK,1: 6 days; 2: 5 1/2 days; 3: 5 days; 4: 4 1/2 days; 5: 4 days; 6: Other,9: Omitted or invalid; Sysmis: Not administered,School Questionnaire,✓,,Both,,Instructional Days,
ACBLG04C,GEN\INSTRUCTIONAL DAYS IN 1 CALENDER WEEK (2024),GEN\INSTRUCTIONAL DAYS IN 1 CALENDER WEEK,1: 6 days; 2: 5 1/2 days; 3: 5 days; 4: 4 1/2 days; 5: 4 days; 6: Other,9: Omitted or invalid; Sysmis: Not administered,School Questionnaire,,✓,Both,,Instructional Days,
ACBG06A,GEN\INSTRUCTIONAL DAYS PER YEAR (2023),GEN\INSTRUCTIONAL DAYS PER YEAR,,999: Omitted or invalid; Sysmis: Not administered,School Questionnaire,✓,,Both,,Instructional Days,
ACBLG04A,GEN\INSTRUCTIONAL DAYS PER YEAR (2024),GEN\INSTRUCTIONAL DAYS PER YEAR,,999: Omitted or invalid; Sysmis: Not administered,School Questionnaire,,✓,Both,,Instructional Days,
ACBG06B,GEN\TOTAL INSTRUCTIONAL TIME (2023),GEN\TOTAL INSTRUCTIONAL TIME,,999: Omitted or invalid; Sysmis: Not administered,School Questionnaire,✓,,Both,,Instructional Days,
ACBLG04B,GEN\TOTAL INSTRUCTIONAL TIME (2024),GEN\TOTAL INSTRUCTIONAL TIME,,999: Omitted or invalid; Sysmis: Not administered,School Questionnaire,,✓,Both,,Instructional Days,
ACDLGTIHY,Total Instructional Hours per Year (2024),Total Instructional Hours per Year,,9999: Omitted or invalid; SYSMIS: Not administered,School Questionnaire,,✓,2024 only,,Instructional Days,
ASBM02A,MAT\AGREE\ENJOY LEARNING MATHEMATICS (2023),MAT\AGREE\ENJOY LEARNING MATHEMATICS,1: Agree a lot; 2: Agree a little; 3: Disagree a little; 4: Disagree a lot,9: Omitted or invalid; Sysmis: Not administered,Student Questionnaire,✓,,Both,,Maths Attitude,
ASBLM02A,MAT\AGREE\ENJOY LEARNING MATHEMATICS (2024),MAT\AGREE\ENJOY LEARNING MATHEMATICS,1: Agree a lot; 2: Agree a little; 3: Disagree a little; 4: Disagree a lot,9: Omitted or invalid; Sysmis: Not administered,Student Questionnaire,,✓,Both,,Maths Attitude,
ASBM05E,MAT\AGREE\GOOD AT WORKING OUT PROBLEMS (2023),MAT\AGREE\GOOD AT WORKING OUT PROBLEMS,1: Agree a lot; 2: Agree a little; 3: Disagree a little; 4: Disagree a lot,9: Omitted or invalid; Sysmis: Not administered,Student Questionnaire,✓,,Both,,Maths Attitude,
ASBLM05E,MAT\AGREE\GOOD AT WORKING OUT PROBLEMS (2024),MAT\AGREE\GOOD AT WORKING OUT PROBLEMS,1: Agree a lot; 2: Agree a little; 3: Disagree a little; 4: Disagree a lot,9: Omitted or invalid; Sysmis: Not administered,Student Questionnaire,,✓,Both,,Maths Attitude,
ASBM05B,MAT\AGREE\HARDER FOR ME THAN FOR OTHERS (2023),MAT\AGREE\HARDER FOR ME THAN FOR OTHERS,1: Agree a lot; 2: Agree a little; 3: Disagree a little; 4: Disagree a lot,9: Omitted or invalid; Sysmis: Not administered,Student Questionnaire,✓,,Both,,Maths Attitude,
ASBLM05B,MAT\AGREE\HARDER FOR ME THAN FOR OTHERS (2024),MAT\AGREE\HARDER FOR ME THAN FOR OTHERS,1: Agree a lot; 2: Agree a little; 3: Disagree a little; 4: Disagree a lot,9: Omitted or invalid; Sysmis: Not administered,Student Questionnaire,,✓,Both,,Maths Attitude,
ASBM05C,MAT\AGREE\JUST NOT GOOD IN MATH (2023),MAT\AGREE\JUST NOT GOOD IN MATH,1: Agree a lot; 2: Agree a little; 3: Disagree a little; 4: Disagree a lot,9: Omitted or invalid; Sysmis: Not administered,Student Questionnaire,✓,,Both,,Maths Attitude,
ASBLM05C,MAT\AGREE\JUST NOT GOOD IN MATH (2024),MAT\AGREE\JUST NOT GOOD IN MATH,1: Agree a lot; 2: Agree a little; 3: Disagree a little; 4: Disagree a lot,9: Omitted or invalid; Sysmis: Not administered,Student Questionnaire,,✓,Both,,Maths Attitude,
ASBM02D,MAT\AGREE\LEARN INTERESTING THINGS (2023),MAT\AGREE\LEARN INTERESTING THINGS,1: Agree a lot; 2: Agree a little; 3: Disagree a little; 4: Disagree a lot,9: Omitted or invalid; Sysmis: Not administered,Student Questionnaire,✓,,Both,,Maths Attitude,
ASBLM02B,MAT\AGREE\LEARN INTERESTING THINGS (2024),MAT\AGREE\LEARN INTERESTING THINGS,1: Agree a lot; 2: Agree a little; 3: Disagree a little; 4: Disagree a lot,9: Omitted or invalid; Sysmis: Not administered,Student Questionnaire,,✓,Both,,Maths Attitude,
ASBM02G,MAT\AGREE\LIKE MATH PROBLEMS (2023),MAT\AGREE\LIKE MATH PROBLEMS,1: Agree a lot; 2: Agree a little; 3: Disagree a little; 4: Disagree a lot,9: Omitted or invalid; Sysmis: Not administered,Student Questionnaire,✓,,Both,,Maths Attitude,
ASBLM02E,MAT\AGREE\LIKE MATH PROBLEMS (2024),MAT\AGREE\LIKE MATH PROBLEMS,1: Agree a lot; 2: Agree a little; 3: Disagree a little; 4: Disagree a lot,9: Omitted or invalid; Sysmis: Not administered,Student Questionnaire,,✓,Both,,Maths Attitude,
ASBM02E,MAT\AGREE\LIKE MATHEMATICS (2023),MAT\AGREE\LIKE MATHEMATICS,1: Agree a lot; 2: Agree a little; 3: Disagree a little; 4: Disagree a lot,9: Omitted or invalid; Sysmis: Not administered,Student Questionnaire,✓,,Both,,Maths Attitude,
ASBLM02C,MAT\AGREE\LIKE MATHEMATICS (2024),MAT\AGREE\LIKE MATHEMATICS,1: Agree a lot; 2: Agree a little; 3: Disagree a little; 4: Disagree a lot,9: Omitted or invalid; Sysmis: Not administered,Student Questionnaire,,✓,Both,,Maths Attitude,
ASBM02H,MAT\AGREE\LOOK FORWARD TO MATH LESSONS (2023),MAT\AGREE\LOOK FORWARD TO MATH LESSONS,1: Agree a lot; 2: Agree a little; 3: Disagree a little; 4: Disagree a lot,9: Omitted or invalid; Sysmis: Not administered,Student Questionnaire,✓,,Both,,Maths Attitude,
ASBLM02F,MAT\AGREE\LOOK FORWARD TO MATH LESSONS (2024),MAT\AGREE\LOOK FORWARD TO MATH LESSONS,1: Agree a lot; 2: Agree a little; 3: Disagree a little; 4: Disagree a lot,9: Omitted or invalid; Sysmis: Not administered,Student Questionnaire,,✓,Both,,Maths Attitude,
ASBM02I,MAT\AGREE\MATH FAVORITE SUBJECT (2023),MAT\AGREE\MATH FAVORITE SUBJECT,1: Agree a lot; 2: Agree a little; 3: Disagree a little; 4: Disagree a lot,9: Omitted or invalid; Sysmis: Not administered,Student Questionnaire,✓,,Both,,Maths Attitude,
ASBLM02G,MAT\AGREE\MATH FAVORITE SUBJECT (2024),MAT\AGREE\MATH FAVORITE SUBJECT,1: Agree a lot; 2: Agree a little; 3: Disagree a little; 4: Disagree a lot,9: Omitted or invalid; Sysmis: Not administered,Student Questionnaire,,✓,Both,,Maths Attitude,
ASBM05G,MAT\AGREE\MATH MAKES ME CONFUSED (2023),MAT\AGREE\MATH MAKES ME CONFUSED,1: Agree a lot; 2: Agree a little; 3: Disagree a little; 4: Disagree a lot,9: Omitted or invalid; Sysmis: Not administered,Student Questionnaire,✓,,Both,,Maths Attitude,
ASBLM05G,MAT\AGREE\MATH MAKES ME CONFUSED (2024),MAT\AGREE\MATH MAKES ME CONFUSED,1: Agree a lot; 2: Agree a little; 3: Disagree a little; 4: Disagree a lot,9: Omitted or invalid; Sysmis: Not administered,Student Questionnaire,,✓,Both,,Maths Attitude,
ASBM05F,MAT\AGREE\MATHEMATICS HARDER FOR ME (2023),MAT\AGREE\MATHEMATICS HARDER FOR ME,1: Agree a lot; 2: Agree a little; 3: Disagree a little; 4: Disagree a lot,9: Omitted or invalid; Sysmis: Not administered,Student Questionnaire,✓,,Both,,Maths Attitude,
ASBLM05F,MAT\AGREE\MATHEMATICS HARDER FOR ME (2024),MAT\AGREE\MATHEMATICS HARDER FOR ME,1: Agree a lot; 2: Agree a little; 3: Disagree a little; 4: Disagree a lot,9: Omitted or invalid; Sysmis: Not administered,Student Questionnaire,,✓,Both,,Maths Attitude,
ASBM05D,MAT\AGREE\MATHEMATICS IS EASY FOR ME (2023),MAT\AGREE\MATHEMATICS IS EASY FOR ME,1: Agree a lot; 2: Agree a little; 3: Disagree a little; 4: Disagree a lot,9: Omitted or invalid; Sysmis: Not administered,Student Questionnaire,✓,,Both,,Maths Attitude,
ASBLM05D,MAT\AGREE\MATHEMATICS IS EASY FOR ME (2024),MAT\AGREE\MATHEMATICS IS EASY FOR ME,1: Agree a lot; 2: Agree a little; 3: Disagree a little; 4: Disagree a lot,9: Omitted or invalid; Sysmis: Not administered,Student Questionnaire,,✓,Both,,Maths Attitude,
ASBM02F,MAT\AGREE\SCHOOLWORK INVOLVES NUMBERS (2023),MAT\AGREE\SCHOOLWORK INVOLVES NUMBERS,1: Agree a lot; 2: Agree a little; 3: Disagree a little; 4: Disagree a lot,9: Omitted or invalid; Sysmis: Not administered,Student Questionnaire,✓,,Both,,Maths Attitude,
ASBLM02D,MAT\AGREE\SCHOOLWORK INVOLVES NUMBERS (2024),MAT\AGREE\SCHOOLWORK INVOLVES NUMBERS,1: Agree a lot; 2: Agree a little; 3: Disagree a little; 4: Disagree a lot,9: Omitted or invalid; Sysmis: Not administered,Student Questionnaire,,✓,Both,,Maths Attitude,
ASBM05A,MAT\AGREE\USUALLY DO WELL IN MATH (2023),MAT\AGREE\USUALLY DO WELL IN MATH,1: Agree a lot; 2: Agree a little; 3: Disagree a little; 4: Disagree a lot,9: Omitted or invalid; Sysmis: Not administered,Student Questionnaire,✓,,Both,,Maths Attitude,
ASBLM05A,MAT\AGREE\USUALLY DO WELL IN MATH (2024),MAT\AGREE\USUALLY DO WELL IN MATH,1: Agree a lot; 2: Agree a little; 3: Disagree a little; 4: Disagree a lot,9: Omitted or invalid; Sysmis: Not administered,Student Questionnaire,,✓,Both,,Maths Attitude,
ASDGSCM,Students Confident in Mathematics/IDX (2023),Students Confident in Mathematics/IDX,1: Very Confident in Mathematics; 2: Somewhat Confident in Mathematics; 3: Not Confident in Mathematics,9: Omitted or invalid; SYSMIS: Not administered,Student Questionnaire,✓,,Both,,Maths Attitude,
ASDLGSCM,Students Confident in Mathematics/IDX (2024),Students Confident in Mathematics/IDX,1: Very Confident in Mathematics; 2: Somewhat Confident in Mathematics; 3: Not Confident in Mathematics,9: Omitted or invalid; SYSMIS: Not administered,Student Questionnaire,,✓,Both,,Maths Attitude,
ASBGSCM,Students Confident in Mathematics/SCL (2023),Students Confident in Mathematics/SCL,,999999: Omitted or invalid; SYSMIS: Not administered,Student Questionnaire,✓,,Both,,Maths Attitude,
ASBLGSCM,Students Confident in Mathematics/SCL (2024),Students Confident in Mathematics/SCL,,999999: Omitted or invalid; SYSMIS: Not administered,Student Questionnaire,,✓,Both,,Maths Attitude,
ASDGSLM,Students Like Learning Mathematics/IDX (2023),Students Like Learning Mathematics/IDX,1: Very Much Like Learning Mathematics; 2: Somewhat Like Learning Mathematics; 3: Do Not Like Learning Mathematics,9: Omitted or invalid; SYSMIS: Not administered,Student Questionnaire,✓,,Both,,Maths Attitude,
ASDLGSLM,Students Like Learning Mathematics/IDX (2024),Students Like Learning Mathematics/IDX,1: Very Much Like Learning Mathematics; 2: Somewhat Like Learning Mathematics; 3: Do Not Like Learning Mathematics,9: Omitted or invalid; SYSMIS: Not administered,Student Questionnaire,,✓,Both,,Maths Attitude,
ASBGSLM,Students Like Learning Mathematics/SCL (2023),Students Like Learning Mathematics/SCL,,999999: Omitted or invalid; SYSMIS: Not administered,Student Questionnaire,✓,,Both,,Maths Attitude,
ASBLGSLM,Students Like Learning Mathematics/SCL (2024),Students Like Learning Mathematics/SCL,,999999: Omitted or invalid; SYSMIS: Not administered,Student Questionnaire,,✓,Both,,Maths Attitude,
ASBM02C,MAT\AGREE\MATH IS BORING (2023),MAT\AGREE\MATH IS BORING,1: Agree a lot; 2: Agree a little; 3: Disagree a little; 4: Disagree a lot,9: Omitted or invalid; Sysmis: Not administered,Student Questionnaire,✓,,2023 only,,Maths Attitude,
ASBM02B,MAT\AGREE\WISH HAVE NOT TO STUDY MATH (2023),MAT\AGREE\WISH HAVE NOT TO STUDY MATH,1: Agree a lot; 2: Agree a little; 3: Disagree a little; 4: Disagree a lot,9: Omitted or invalid; Sysmis: Not administered,Student Questionnaire,✓,,2023 only,,Maths Attitude,
ASMCHG01,1ST PLAUSIBLE VALUE MATHEMATICS CHANGE (2024-2023),1ST PLAUSIBLE VALUE MATHEMATICS CHANGE (2024-2023),,9999999: Omitted or invalid; SYSMIS: Not administered,Student Questionnaire,,,Change,,Outcome,
ASMCHG02,2ND PLAUSIBLE VALUE MATHEMATICS CHANGE (2024-2023),2ND PLAUSIBLE VALUE MATHEMATICS CHANGE (2024-2023),,9999999: Omitted or invalid; SYSMIS: Not administered,Student Questionnaire,,,Change,,Outcome,
ASMCHG03,3RD PLAUSIBLE VALUE MATHEMATICS CHANGE (2024-2023),3RD PLAUSIBLE VALUE MATHEMATICS CHANGE (2024-2023),,9999999: Omitted or invalid; SYSMIS: Not administered,Student Questionnaire,,,Change,,Outcome,
ASMCHG04,4TH PLAUSIBLE VALUE MATHEMATICS CHANGE (2024-2023),4TH PLAUSIBLE VALUE MATHEMATICS CHANGE (2024-2023),,9999999: Omitted or invalid; SYSMIS: Not administered,Student Questionnaire,,,Change,,Outcome,
ASMCHG05,5TH PLAUSIBLE VALUE MATHEMATICS CHANGE (2024-2023),5TH PLAUSIBLE VALUE MATHEMATICS CHANGE (2024-2023),,9999999: Omitted or invalid; SYSMIS: Not administered,Student Questionnaire,,,Change,,Outcome,
ASMMAT11,1ST PLAUSIBLE VALUE MATHEMATICS (2023),1ST PLAUSIBLE VALUE MATHEMATICS,,9999999: Omitted or invalid; SYSMIS: Not administered,Student Questionnaire,✓,,Both,,Outcome,
ASMMAT21,1ST PLAUSIBLE VALUE MATHEMATICS (2024),1ST PLAUSIBLE VALUE MATHEMATICS,,9999999: Omitted or invalid; SYSMIS: Not administered,Student Questionnaire,,✓,Both,,Outcome,
ASMMAT12,2ND PLAUSIBLE VALUE MATHEMATICS (2023),2ND PLAUSIBLE VALUE MATHEMATICS,,9999999: Omitted or invalid; SYSMIS: Not administered,Student Questionnaire,✓,,Both,,Outcome,
ASMMAT22,2ND PLAUSIBLE VALUE MATHEMATICS (2024),2ND PLAUSIBLE VALUE MATHEMATICS,,9999999: Omitted or invalid; SYSMIS: Not administered,Student Questionnaire,,✓,Both,,Outcome,
ASMMAT13,3RD PLAUSIBLE VALUE MATHEMATICS (2023),3RD PLAUSIBLE VALUE MATHEMATICS,,9999999: Omitted or invalid; SYSMIS: Not administered,Student Questionnaire,✓,,Both,,Outcome,
ASMMAT23,3RD PLAUSIBLE VALUE MATHEMATICS (2024),3RD PLAUSIBLE VALUE MATHEMATICS,,9999999: Omitted or invalid; SYSMIS: Not administered,Student Questionnaire,,✓,Both,,Outcome,
ASMMAT14,4TH PLAUSIBLE VALUE MATHEMATICS (2023),4TH PLAUSIBLE VALUE MATHEMATICS,,9999999: Omitted or invalid; SYSMIS: Not administered,Student Questionnaire,✓,,Both,,Outcome,
ASMMAT24,4TH PLAUSIBLE VALUE MATHEMATICS (2024),4TH PLAUSIBLE VALUE MATHEMATICS,,9999999: Omitted or invalid; SYSMIS: Not administered,Student Questionnaire,,✓,Both,,Outcome,
ASMMAT15,5TH PLAUSIBLE VALUE MATHEMATICS (2023),5TH PLAUSIBLE VALUE MATHEMATICS,,9999999: Omitted or invalid; SYSMIS: Not administered,Student Questionnaire,✓,,Both,,Outcome,
ASMMAT25,5TH PLAUSIBLE VALUE MATHEMATICS (2024),5TH PLAUSIBLE VALUE MATHEMATICS,,9999999: Omitted or invalid; SYSMIS: Not administered,Student Questionnaire,,✓,Both,,Outcome,
ASBH09A,GEN\HOW OFTEN\DISCUSS ENVIRONMENT (2023),GEN\HOW OFTEN\DISCUSS ENVIRONMENT,1: Every day; 2: Almost every day; 3: Sometimes; 4: Never,9: Omitted or invalid; Sysmis: Not administered,Home Questionnaire,✓,,Both,,Parent Environmental Activity,
ASBH09E,GEN\HOW OFTEN\ENCOURAGE ACTION (2023),GEN\HOW OFTEN\ENCOURAGE ACTION,1: Every day; 2: Almost every day; 3: Sometimes; 4: Never,9: Omitted or invalid; Sysmis: Not administered,Home Questionnaire,✓,,Both,,Parent Environmental Activity,
ASBH09B,GEN\HOW OFTEN\READ INFORMATION (2023),GEN\HOW OFTEN\READ INFORMATION,1: Every day; 2: Almost every day; 3: Sometimes; 4: Never,9: Omitted or invalid; Sysmis: Not administered,Home Questionnaire,✓,,Both,,Parent Environmental Activity,
ASBH09C,GEN\HOW OFTEN\SAVE RESOURCES (2023),GEN\HOW OFTEN\SAVE RESOURCES,1: Every day; 2: Almost every day; 3: Sometimes; 4: Never,9: Omitted or invalid; Sysmis: Not administered,Home Questionnaire,✓,,Both,,Parent Environmental Activity,
ASBH09D,GEN\HOW OFTEN\TIME IN NATURE (2023),GEN\HOW OFTEN\TIME IN NATURE,1: Every day; 2: Almost every day; 3: Sometimes; 4: Never,9: Omitted or invalid; Sysmis: Not administered,Home Questionnaire,✓,,Both,,Parent Environmental Activity,
ASBH08C,GEN\AGREE\CARES ABOUT CHILDS PROG (2023),GEN\AGREE\CARES ABOUT CHILDS PROG,1: Agree a lot; 2: Agree a little; 3: Disagree a little; 4: Disagree a lot,9: Omitted or invalid; Sysmis: Not administered,Home Questionnaire,✓,,Both,,Parent Perceptions of School,
ASBLH01C,GEN\AGREE\CARES ABOUT CHILDS PROG (2024),GEN\AGREE\CARES ABOUT CHILDS PROG,1: Agree a lot; 2: Agree a little; 3: Disagree a little; 4: Disagree a lot,9: Omitted or invalid; Sysmis: Not administered,Home Questionnaire,,✓,Both,,Parent Perceptions of School,
ASBH08G,GEN\AGREE\HELP BECOME BETTER IN MATH (2023),GEN\AGREE\HELP BECOME BETTER IN MATH,1: Agree a lot; 2: Agree a little; 3: Disagree a little; 4: Disagree a lot,9: Omitted or invalid; Sysmis: Not administered,Home Questionnaire,✓,,Both,,Parent Perceptions of School,
ASBLH01G,GEN\AGREE\HELP BECOME BETTER IN MATH (2024),GEN\AGREE\HELP BECOME BETTER IN MATH,1: Agree a lot; 2: Agree a little; 3: Disagree a little; 4: Disagree a lot,9: Omitted or invalid; Sysmis: Not administered,Home Questionnaire,,✓,Both,,Parent Perceptions of School,
ASBH08H,GEN\AGREE\HELP BECOME BETTER IN SCI (2023),GEN\AGREE\HELP BECOME BETTER IN SCI,1: Agree a lot; 2: Agree a little; 3: Disagree a little; 4: Disagree a lot,9: Omitted or invalid; Sysmis: Not administered,Home Questionnaire,✓,,Both,,Parent Perceptions of School,
ASBLH01H,GEN\AGREE\HELP BECOME BETTER IN SCI (2024),GEN\AGREE\HELP BECOME BETTER IN SCI,1: Agree a lot; 2: Agree a little; 3: Disagree a little; 4: Disagree a lot,9: Omitted or invalid; Sysmis: Not administered,Home Questionnaire,,✓,Both,,Parent Perceptions of School,
ASBH08F,GEN\AGREE\HELP BECOME BETTER READ (2023),GEN\AGREE\HELP BECOME BETTER READ,1: Agree a lot; 2: Agree a little; 3: Disagree a little; 4: Disagree a lot,9: Omitted or invalid; Sysmis: Not administered,Home Questionnaire,✓,,Both,,Parent Perceptions of School,
ASBLH01F,GEN\AGREE\HELP BECOME BETTER READ (2024),GEN\AGREE\HELP BECOME BETTER READ,1: Agree a lot; 2: Agree a little; 3: Disagree a little; 4: Disagree a lot,9: Omitted or invalid; Sysmis: Not administered,Home Questionnaire,,✓,Both,,Parent Perceptions of School,
ASBH08A,GEN\AGREE\INCLUDED IN CHILDS EDU (2023),GEN\AGREE\INCLUDED IN CHILDS EDU,1: Agree a lot; 2: Agree a little; 3: Disagree a little; 4: Disagree a lot,9: Omitted or invalid; Sysmis: Not administered,Home Questionnaire,✓,,Both,,Parent Perceptions of School,
ASBLH01A,GEN\AGREE\INCLUDED IN CHILDS EDU (2024),GEN\AGREE\INCLUDED IN CHILDS EDU,1: Agree a lot; 2: Agree a little; 3: Disagree a little; 4: Disagree a lot,9: Omitted or invalid; Sysmis: Not administered,Home Questionnaire,,✓,Both,,Parent Perceptions of School,
ASBH08D,GEN\AGREE\KEEPING ME INFORMED (2023),GEN\AGREE\KEEPING ME INFORMED,1: Agree a lot; 2: Agree a little; 3: Disagree a little; 4: Disagree a lot,9: Omitted or invalid; Sysmis: Not administered,Home Questionnaire,✓,,Both,,Parent Perceptions of School,
ASBLH01D,GEN\AGREE\KEEPING ME INFORMED (2024),GEN\AGREE\KEEPING ME INFORMED,1: Agree a lot; 2: Agree a little; 3: Disagree a little; 4: Disagree a lot,9: Omitted or invalid; Sysmis: Not administered,Home Questionnaire,,✓,Both,,Parent Perceptions of School,
ASBH08E,GEN\AGREE\PROMOTE HIGH STANDARDS (2023),GEN\AGREE\PROMOTE HIGH STANDARDS,1: Agree a lot; 2: Agree a little; 3: Disagree a little; 4: Disagree a lot,9: Omitted or invalid; Sysmis: Not administered,Home Questionnaire,✓,,Both,,Parent Perceptions of School,
ASBLH01E,GEN\AGREE\PROMOTE HIGH STANDARDS (2024),GEN\AGREE\PROMOTE HIGH STANDARDS,1: Agree a lot; 2: Agree a little; 3: Disagree a little; 4: Disagree a lot,9: Omitted or invalid; Sysmis: Not administered,Home Questionnaire,,✓,Both,,Parent Perceptions of School,
ASBH08B,GEN\AGREE\PROVIDES SAFE ENVIRONMENT (2023),GEN\AGREE\PROVIDES SAFE ENVIRONMENT,1: Agree a lot; 2: Agree a little; 3: Disagree a little; 4: Disagree a lot,9: Omitted or invalid; Sysmis: Not administered,Home Questionnaire,✓,,Both,,Parent Perceptions of School,
ASBLH01B,GEN\AGREE\PROVIDES SAFE ENVIRONMENT (2024),GEN\AGREE\PROVIDES SAFE ENVIRONMENT,1: Agree a lot; 2: Agree a little; 3: Disagree a little; 4: Disagree a lot,9: Omitted or invalid; Sysmis: Not administered,Home Questionnaire,,✓,Both,,Parent Perceptions of School,
ASDHPSP,Parents Perceptions of Their Child School/IDX (2023),Parents Perceptions of Their Child School/IDX,1: Very Satisfied; 2: Somewhat Satisfied; 3: Less than Satisfied,9: Omitted or invalid; SYSMIS: Not administered,Home Questionnaire,✓,,Both,,Parent perceptions of School,
ASDLHPSP,Parents Perceptions of Their Child School/IDX (2024),Parents Perceptions of Their Child School/IDX,1: Very Satisfied; 2: Somewhat Satisfied; 3: Less than Satisfied,9: Omitted or invalid; SYSMIS: Not administered,Home Questionnaire,,✓,Both,,Parent perceptions of School,
ASBHPSP,Parents Perceptions of Their Child School/SCL (2023),Parents Perceptions of Their Child School/SCL,,999999: Omitted or invalid; SYSMIS: Not administered,Home Questionnaire,✓,,Both,,Parent perceptions of School,
ASBLHPSP,Parents Perceptions of Their Child School/SCL (2024),Parents Perceptions of Their Child School/SCL,,999999: Omitted or invalid; SYSMIS: Not administered,Home Questionnaire,,✓,Both,,Parent perceptions of School,
ASBLH03,GEN\NUM INITIATED MEETINGS (2024),GEN\NUM INITIATED MEETINGS,1: More than 5 times; 2: 3 to 5 times; 3: Once or twice; 4: Never,9: Omitted or invalid; Sysmis: Not administered,Home Questionnaire,,✓,2024 only,,Parent School Activity,
ASBLH02,GEN\NUM PARENT TCH MEETINGS ATTENDED (2024),GEN\NUM PARENT TCH MEETINGS ATTENDED,1: All meetings; 2: Most of the meetings; 3: About half of the meetings; 4: Fewer than half of the meetings; 5: No meetings,9: Omitted or invalid; Sysmis: Not administered,Home Questionnaire,,✓,2024 only,,Parent School Activity,
ASBLH04B,GEN\PAST YR\ATTENDED EVENT (2024),GEN\PAST YR\ATTENDED EVENT,1: Yes; 2: No,9: Omitted or invalid; Sysmis: Not administered,Home Questionnaire,,✓,2024 only,,Parent School Activity,
ASBLH04C,GEN\PAST YR\CONTACTED REP (2024),GEN\PAST YR\CONTACTED REP,1: Yes; 2: No,9: Omitted or invalid; Sysmis: Not administered,Home Questionnaire,,✓,2024 only,,Parent School Activity,
ASBLH04A,GEN\PAST YR\ORGANIZED EVENT (2024),GEN\PAST YR\ORGANIZED EVENT,1: Yes; 2: No,9: Omitted or invalid; Sysmis: Not administered,Home Questionnaire,,✓,2024 only,,Parent School Activity,
ASBLH04D,GEN\PAST YR\SPOKEN WITH OTHER PARENTS (2024),GEN\PAST YR\SPOKEN WITH OTHER PARENTS,1: Yes; 2: No,9: Omitted or invalid; Sysmis: Not administered,Home Questionnaire,,✓,2024 only,,Parent School Activity,
ASBLH07A,GEN\HOW OFTEN\DISCUSS ENVIRONMENT (2024),GEN\HOW OFTEN\DISCUSS ENVIRONMENT,1: Every day; 2: Almost every day; 3: Sometimes; 4: Never,9: Omitted or invalid; Sysmis: Not administered,Home Questionnaire,,✓,Both,,Parental Investment (Activity Only),
ASBLH07E,GEN\HOW OFTEN\ENCOURAGE ACTION (2024),GEN\HOW OFTEN\ENCOURAGE ACTION,1: Every day; 2: Almost every day; 3: Sometimes; 4: Never,9: Omitted or invalid; Sysmis: Not administered,Home Questionnaire,,✓,Both,,Parental Investment (Activity Only),
ASBLH07B,GEN\HOW OFTEN\READ INFORMATION (2024),GEN\HOW OFTEN\READ INFORMATION,1: Every day; 2: Almost every day; 3: Sometimes; 4: Never,9: Omitted or invalid; Sysmis: Not administered,Home Questionnaire,,✓,Both,,Parental Investment (Activity Only),
ASBLH07C,GEN\HOW OFTEN\SAVE RESOURCES (2024),GEN\HOW OFTEN\SAVE RESOURCES,1: Every day; 2: Almost every day; 3: Sometimes; 4: Never,9: Omitted or invalid; Sysmis: Not administered,Home Questionnaire,,✓,Both,,Parental Investment (Activity Only),
ASBLH07D,GEN\HOW OFTEN\TIME IN NATURE (2024),GEN\HOW OFTEN\TIME IN NATURE,1: Every day; 2: Almost every day; 3: Sometimes; 4: Never,9: Omitted or invalid; Sysmis: Not administered,Home Questionnaire,,✓,Both,,Parental Investment (Activity Only),
ASBLH06A,GEN\HOMEWORK\CHECK COMPLETED (2024),GEN\HOMEWORK\CHECK COMPLETED,1: Often; 2: Sometimes; 3: Never or almost never,9: Omitted or invalid; Sysmis: Not administered,Home Questionnaire,,✓,2024 only,,Parental Investment (Activity Only),
ASBLH06B,GEN\HOMEWORK\HELPED (2024),GEN\HOMEWORK\HELPED,1: Often; 2: Sometimes; 3: Never or almost never,9: Omitted or invalid; Sysmis: Not administered,Home Questionnaire,,✓,2024 only,,Parental Investment (Activity Only),
ASBLH05C,GEN\PAST ACTIVITY\CREATIVE ACTIVITY (2024),GEN\PAST ACTIVITY\CREATIVE ACTIVITY,1: Every day or almost every day; 2: Once or twice a week; 3: Once or twice a month; 4: Never or almost never,9: Omitted or invalid; Sysmis: Not administered,Home Questionnaire,,✓,2024 only,,Parental Investment (Activity Only),
ASBLH05A,GEN\PAST ACTIVITY\DISCUSS CHILDS DAY (2024),GEN\PAST ACTIVITY\DISCUSS CHILDS DAY,1: Every day or almost every day; 2: Once or twice a week; 3: Once or twice a month; 4: Never or almost never,9: Omitted or invalid; Sysmis: Not administered,Home Questionnaire,,✓,2024 only,,Parental Investment (Activity Only),
ASBLH05B,GEN\PAST ACTIVITY\PRACTICED SKILLS (2024),GEN\PAST ACTIVITY\PRACTICED SKILLS,1: Every day or almost every day; 2: Once or twice a week; 3: Once or twice a month; 4: Never or almost never,9: Omitted or invalid; Sysmis: Not administered,Home Questionnaire,,✓,2024 only,,Parental Investment (Activity Only),
ASBLH05D,GEN\PAST ACTIVITY\VISIT TO MUSEUM OR LIBRARY (2024),GEN\PAST ACTIVITY\VISIT TO MUSEUM OR LIBRARY,1: Every day or almost every day; 2: Once or twice a week; 3: Once or twice a month; 4: Never or almost never,9: Omitted or invalid; Sysmis: Not administered,Home Questionnaire,,✓,2024 only,,Parental Investment (Activity Only),
ASDLHPAC,Parents Activities with Their Child/IDX (2024),Parents Activities with Their Child/IDX,1: Very Often; 2: Often; 3: Sometimes,9: Omitted or invalid; SYSMIS: Not administered,Home Questionnaire,,✓,2024 only,,Parental Investment (Activity Only),
ASBLHPAC,Parents Activities with Their Child/SCL (2024),Parents Activities with Their Child/SCL,,999999: Omitted or invalid; SYSMIS: Not administered,Home Questionnaire,,✓,2024 only,,Parental Investment (Activity Only),
ASBH01O,GEN\HOW OFTEN\BOARD OR CARD GAME (2023),GEN\HOW OFTEN\BOARD OR CARD GAME,1: Often; 2: Sometimes; 3: Never or almost never,9: Omitted or invalid; Sysmis: Not administered,Home Questionnaire,✓,,2023 only,,Parental Investment (Activity Only),
ASBH01F,GEN\HOW OFTEN\BOOK DISCUSSION (2023),GEN\HOW OFTEN\BOOK DISCUSSION,1: Often; 2: Sometimes; 3: Never or almost never,9: Omitted or invalid; Sysmis: Not administered,Home Questionnaire,✓,,2023 only,,Parental Investment (Activity Only),
ASBH01N,GEN\HOW OFTEN\BUILDING BLOCKS (2023),GEN\HOW OFTEN\BUILDING BLOCKS,1: Often; 2: Sometimes; 3: Never or almost never,9: Omitted or invalid; Sysmis: Not administered,Home Questionnaire,✓,,2023 only,,Parental Investment (Activity Only),
ASBH01L,GEN\HOW OFTEN\COUNT THINGS (2023),GEN\HOW OFTEN\COUNT THINGS,1: Often; 2: Sometimes; 3: Never or almost never,9: Omitted or invalid; Sysmis: Not administered,Home Questionnaire,✓,,2023 only,,Parental Investment (Activity Only),
ASBH01J,GEN\HOW OFTEN\COUNTING SONGS (2023),GEN\HOW OFTEN\COUNTING SONGS,1: Often; 2: Sometimes; 3: Never or almost never,9: Omitted or invalid; Sysmis: Not administered,Home Questionnaire,✓,,2023 only,,Parental Investment (Activity Only),
ASBH01Q,GEN\HOW OFTEN\DRAW SHAPES (2023),GEN\HOW OFTEN\DRAW SHAPES,1: Often; 2: Sometimes; 3: Never or almost never,9: Omitted or invalid; Sysmis: Not administered,Home Questionnaire,✓,,2023 only,,Parental Investment (Activity Only),
ASBH01M,GEN\HOW OFTEN\GAME WITH SHAPES (2023),GEN\HOW OFTEN\GAME WITH SHAPES,1: Often; 2: Sometimes; 3: Never or almost never,9: Omitted or invalid; Sysmis: Not administered,Home Questionnaire,✓,,2023 only,,Parental Investment (Activity Only),
ASBH01R,GEN\HOW OFTEN\MEASURE OR WEIGH (2023),GEN\HOW OFTEN\MEASURE OR WEIGH,1: Often; 2: Sometimes; 3: Never or almost never,9: Omitted or invalid; Sysmis: Not administered,Home Questionnaire,✓,,2023 only,,Parental Investment (Activity Only),
ASBH01K,GEN\HOW OFTEN\NUMBER TOYS (2023),GEN\HOW OFTEN\NUMBER TOYS,1: Often; 2: Sometimes; 3: Never or almost never,9: Omitted or invalid; Sysmis: Not administered,Home Questionnaire,✓,,2023 only,,Parental Investment (Activity Only),
ASBH01D,GEN\HOW OFTEN\PLAY ALPHABET (2023),GEN\HOW OFTEN\PLAY ALPHABET,1: Often; 2: Sometimes; 3: Never or almost never,9: Omitted or invalid; Sysmis: Not administered,Home Questionnaire,✓,,2023 only,,Parental Investment (Activity Only),
ASBH01G,GEN\HOW OFTEN\PLAY WORD GAMES (2023),GEN\HOW OFTEN\PLAY WORD GAMES,1: Often; 2: Sometimes; 3: Never or almost never,9: Omitted or invalid; Sysmis: Not administered,Home Questionnaire,✓,,2023 only,,Parental Investment (Activity Only),
ASBH01I,GEN\HOW OFTEN\READ ALOUD SIGNS (2023),GEN\HOW OFTEN\READ ALOUD SIGNS,1: Often; 2: Sometimes; 3: Never or almost never,9: Omitted or invalid; Sysmis: Not administered,Home Questionnaire,✓,,2023 only,,Parental Investment (Activity Only),
ASBH01A,GEN\HOW OFTEN\READ BOOKS (2023),GEN\HOW OFTEN\READ BOOKS,1: Often; 2: Sometimes; 3: Never or almost never,9: Omitted or invalid; Sysmis: Not administered,Home Questionnaire,✓,,2023 only,,Parental Investment (Activity Only),
ASBH01C,GEN\HOW OFTEN\SING SONGS (2023),GEN\HOW OFTEN\SING SONGS,1: Often; 2: Sometimes; 3: Never or almost never,9: Omitted or invalid; Sysmis: Not administered,Home Questionnaire,✓,,2023 only,,Parental Investment (Activity Only),
ASBH01E,GEN\HOW OFTEN\TALK WHAT HAD DONE (2023),GEN\HOW OFTEN\TALK WHAT HAD DONE,1: Often; 2: Sometimes; 3: Never or almost never,9: Omitted or invalid; Sysmis: Not administered,Home Questionnaire,✓,,2023 only,,Parental Investment (Activity Only),
ASBH01B,GEN\HOW OFTEN\TELL STORIES (2023),GEN\HOW OFTEN\TELL STORIES,1: Often; 2: Sometimes; 3: Never or almost never,9: Omitted or invalid; Sysmis: Not administered,Home Questionnaire,✓,,2023 only,,Parental Investment (Activity Only),
ASBH01H,GEN\HOW OFTEN\WRITE LETTERS WORDS (2023),GEN\HOW OFTEN\WRITE LETTERS WORDS,1: Often; 2: Sometimes; 3: Never or almost never,9: Omitted or invalid; Sysmis: Not administered,Home Questionnaire,✓,,2023 only,,Parental Investment (Activity Only),
ASBH01P,GEN\HOW OFTEN\WRITE NUMBERS (2023),GEN\HOW OFTEN\WRITE NUMBERS,1: Often; 2: Sometimes; 3: Never or almost never,9: Omitted or invalid; Sysmis: Not administered,Home Questionnaire,✓,,2023 only,,Parental Investment (Activity Only),
ACBLG11F,GEN\SCH CHARACTER\PARENTAL COMMITMENT (2024),GEN\SCH CHARACTER\PARENTAL COMMITMENT,1: Very high; 2: High; 3: Medium; 4: Low; 5: Very low,9: Omitted or invalid; Sysmis: Not administered,School Questionnaire,,✓,Both,,School Perception of Parents,
ACBG12F,GEN\SCH CHARACTER\PARENTAL COMMITMENT (2023),GEN\SCH CHARACTER\PARENTAL COMMITMENT,1: Very high; 2: High; 3: Medium; 4: Low; 5: Very low,9: Omitted or invalid; Sysmis: Not administered,School Questionnaire,✓,,Both,,School Perception of Parents,
ACBLG11G,GEN\SCH CHARACTER\PARENTAL EXPECTATIONS (2024),GEN\SCH CHARACTER\PARENTAL EXPECTATIONS,1: Very high; 2: High; 3: Medium; 4: Low; 5: Very low,9: Omitted or invalid; Sysmis: Not administered,School Questionnaire,,✓,Both,,School Perception of Parents,
ACBG12G,GEN\SCH CHARACTER\PARENTAL EXPECTATIONS (2023),GEN\SCH CHARACTER\PARENTAL EXPECTATIONS,1: Very high; 2: High; 3: Medium; 4: Low; 5: Very low,9: Omitted or invalid; Sysmis: Not administered,School Questionnaire,✓,,Both,,School Perception of Parents,
ACBLG11E,GEN\SCH CHARACTER\PARENTAL INVOLVEMENT (2024),GEN\SCH CHARACTER\PARENTAL INVOLVEMENT,1: Very high; 2: High; 3: Medium; 4: Low; 5: Very low,9: Omitted or invalid; Sysmis: Not administered,School Questionnaire,,✓,Both,,School Perception of Parents,
ACBG12E,GEN\SCH CHARACTER\PARENTAL INVOLVEMENT (2023),GEN\SCH CHARACTER\PARENTAL INVOLVEMENT,1: Very high; 2: High; 3: Medium; 4: Low; 5: Very low,9: Omitted or invalid; Sysmis: Not administered,School Questionnaire,✓,,Both,,School Perception of Parents,
ACBLG11H,GEN\SCH CHARACTER\PARENTAL SUPPORT (2024),GEN\SCH CHARACTER\PARENTAL SUPPORT,1: Very high; 2: High; 3: Medium; 4: Low; 5: Very low,9: Omitted or invalid; Sysmis: Not administered,School Questionnaire,,✓,Both,,School Perception of Parents,
ACBG12H,GEN\SCH CHARACTER\PARENTAL SUPPORT (2023),GEN\SCH CHARACTER\PARENTAL SUPPORT,1: Very high; 2: High; 3: Medium; 4: Low; 5: Very low,9: Omitted or invalid; Sysmis: Not administered,School Questionnaire,✓,,Both,,School Perception of Parents,
ACBG08,GEN\EXISTING SCIENCE LABORATORY (2023),GEN\EXISTING SCIENCE LABORATORY,1: Yes; 2: No,9: Omitted or invalid; Sysmis: Not administered,School Questionnaire,✓,,Both,,School SES,
ACBLG07,GEN\EXISTING SCIENCE LABORATORY (2024),GEN\EXISTING SCIENCE LABORATORY,1: Yes; 2: No,9: Omitted or invalid; Sysmis: Not administered,School Questionnaire,,✓,Both,,School SES,
ACBG10B,GEN\HIGH SPEED INTERNET (2023),GEN\HIGH SPEED INTERNET,1: Yes; 2: No,9: Omitted or invalid; Sysmis: Not administered,School Questionnaire,✓,,Both,,School SES,
ACBLG09,GEN\HIGH SPEED INTERNET (2024),GEN\HIGH SPEED INTERNET,1: Yes; 2: No,9: Omitted or invalid; Sysmis: Not administered,School Questionnaire,,✓,Both,,School SES,
ACBG09,GEN\ONLINE LEARNING MANAGEMENT SYSTEM (2023),GEN\ONLINE LEARNING MANAGEMENT SYSTEM,1: Yes; 2: No,9: Omitted or invalid; Sysmis: Not administered,School Questionnaire,✓,,Both,,School SES,
ACBLG08,GEN\ONLINE LEARNING MANAGEMENT SYSTEM (2024),GEN\ONLINE LEARNING MANAGEMENT SYSTEM,1: Yes; 2: No,9: Omitted or invalid; Sysmis: Not administered,School Questionnaire,,✓,Both,,School SES,
ACBG11AG,GEN\SHORTAGE\GEN\AUDIO VISUAL RESOURCES (2023),GEN\SHORTAGE\GEN\AUDIO VISUAL RESOURCES,1: Not at all; 2: A little; 3: Some; 4: A lot,9: Omitted or invalid; Sysmis: Not administered,School Questionnaire,✓,,Both,,School SES,
ACBLG10AG,GEN\SHORTAGE\GEN\AUDIO VISUAL RESOURCES (2024),GEN\SHORTAGE\GEN\AUDIO VISUAL RESOURCES,1: Not at all; 2: A little; 3: Some; 4: A lot,9: Omitted or invalid; Sysmis: Not administered,School Questionnaire,,✓,Both,,School SES,
ACBG11AH,GEN\SHORTAGE\GEN\DIGITAL DEVICES (2023),GEN\SHORTAGE\GEN\DIGITAL DEVICES,1: Not at all; 2: A little; 3: Some; 4: A lot,9: Omitted or invalid; Sysmis: Not administered,School Questionnaire,✓,,Both,,School SES,
ACBLG10AH,GEN\SHORTAGE\GEN\DIGITAL DEVICES (2024),GEN\SHORTAGE\GEN\DIGITAL DEVICES,1: Not at all; 2: A little; 3: Some; 4: A lot,9: Omitted or invalid; Sysmis: Not administered,School Questionnaire,,✓,Both,,School SES,
ACBG11AD,GEN\SHORTAGE\GEN\HEATING SYSTEMS (2023),GEN\SHORTAGE\GEN\HEATING SYSTEMS,1: Not at all; 2: A little; 3: Some; 4: A lot,9: Omitted or invalid; Sysmis: Not administered,School Questionnaire,✓,,Both,,School SES,
ACBLG10AD,GEN\SHORTAGE\GEN\HEATING SYSTEMS (2024),GEN\SHORTAGE\GEN\HEATING SYSTEMS,1: Not at all; 2: A little; 3: Some; 4: A lot,9: Omitted or invalid; Sysmis: Not administered,School Questionnaire,,✓,Both,,School SES,
ACBG11AA,GEN\SHORTAGE\GEN\INSTRUCTIONAL MATERIAL (2023),GEN\SHORTAGE\GEN\INSTRUCTIONAL MATERIAL,1: Not at all; 2: A little; 3: Some; 4: A lot,9: Omitted or invalid; Sysmis: Not administered,School Questionnaire,✓,,Both,,School SES,
ACBLG10AA,GEN\SHORTAGE\GEN\INSTRUCTIONAL MATERIAL (2024),GEN\SHORTAGE\GEN\INSTRUCTIONAL MATERIAL,1: Not at all; 2: A little; 3: Some; 4: A lot,9: Omitted or invalid; Sysmis: Not administered,School Questionnaire,,✓,Both,,School SES,
ACBG11AE,GEN\SHORTAGE\GEN\INSTRUCTIONAL SPACE (2023),GEN\SHORTAGE\GEN\INSTRUCTIONAL SPACE,1: Not at all; 2: A little; 3: Some; 4: A lot,9: Omitted or invalid; Sysmis: Not administered,School Questionnaire,✓,,Both,,School SES,
ACBLG10AE,GEN\SHORTAGE\GEN\INSTRUCTIONAL SPACE (2024),GEN\SHORTAGE\GEN\INSTRUCTIONAL SPACE,1: Not at all; 2: A little; 3: Some; 4: A lot,9: Omitted or invalid; Sysmis: Not administered,School Questionnaire,,✓,Both,,School SES,
ACBG11AI,GEN\SHORTAGE\GEN\RESOURCES STD WITH DISAB (2023),GEN\SHORTAGE\GEN\RESOURCES STD WITH DISAB,1: Not at all; 2: A little; 3: Some; 4: A lot,9: Omitted or invalid; Sysmis: Not administered,School Questionnaire,✓,,Both,,School SES,
ACBLG10AI,GEN\SHORTAGE\GEN\RESOURCES STD WITH DISAB (2024),GEN\SHORTAGE\GEN\RESOURCES STD WITH DISAB,1: Not at all; 2: A little; 3: Some; 4: A lot,9: Omitted or invalid; Sysmis: Not administered,School Questionnaire,,✓,Both,,School SES,
ACBG11AC,GEN\SHORTAGE\GEN\SCHOOL BUILDINGS (2023),GEN\SHORTAGE\GEN\SCHOOL BUILDINGS,1: Not at all; 2: A little; 3: Some; 4: A lot,9: Omitted or invalid; Sysmis: Not administered,School Questionnaire,✓,,Both,,School SES,
ACBLG10AC,GEN\SHORTAGE\GEN\SCHOOL BUILDINGS (2024),GEN\SHORTAGE\GEN\SCHOOL BUILDINGS,1: Not at all; 2: A little; 3: Some; 4: A lot,9: Omitted or invalid; Sysmis: Not administered,School Questionnaire,,✓,Both,,School SES,
ACBG11AB,GEN\SHORTAGE\GEN\SUPPLIES (2023),GEN\SHORTAGE\GEN\SUPPLIES,1: Not at all; 2: A little; 3: Some; 4: A lot,9: Omitted or invalid; Sysmis: Not administered,School Questionnaire,✓,,Both,,School SES,
ACBLG10AB,GEN\SHORTAGE\GEN\SUPPLIES (2024),GEN\SHORTAGE\GEN\SUPPLIES,1: Not at all; 2: A little; 3: Some; 4: A lot,9: Omitted or invalid; Sysmis: Not administered,School Questionnaire,,✓,Both,,School SES,
ACBG11AF,GEN\SHORTAGE\GEN\TECHNOLOGICAL STAFF (2023),GEN\SHORTAGE\GEN\TECHNOLOGICAL STAFF,1: Not at all; 2: A little; 3: Some; 4: A lot,9: Omitted or invalid; Sysmis: Not administered,School Questionnaire,✓,,Both,,School SES,
ACBLG10AF,GEN\SHORTAGE\GEN\TECHNOLOGICAL STAFF (2024),GEN\SHORTAGE\GEN\TECHNOLOGICAL STAFF,1: Not at all; 2: A little; 3: Some; 4: A lot,9: Omitted or invalid; Sysmis: Not administered,School Questionnaire,,✓,Both,,School SES,
ACBG11BD,GEN\SHORTAGE\MAT\CALCULATORS (2023),GEN\SHORTAGE\MAT\CALCULATORS,1: Not at all; 2: A little; 3: Some; 4: A lot,9: Omitted or invalid; Sysmis: Not administered,School Questionnaire,✓,,Both,,School SES,
ACBLG10BD,GEN\SHORTAGE\MAT\CALCULATORS (2024),GEN\SHORTAGE\MAT\CALCULATORS,1: Not at all; 2: A little; 3: Some; 4: A lot,9: Omitted or invalid; Sysmis: Not administered,School Questionnaire,,✓,Both,,School SES,
ACBG11BB,GEN\SHORTAGE\MAT\COMPUTER SOFTWARE (2023),GEN\SHORTAGE\MAT\COMPUTER SOFTWARE,1: Not at all; 2: A little; 3: Some; 4: A lot,9: Omitted or invalid; Sysmis: Not administered,School Questionnaire,✓,,Both,,School SES,
ACBLG10BB,GEN\SHORTAGE\MAT\COMPUTER SOFTWARE (2024),GEN\SHORTAGE\MAT\COMPUTER SOFTWARE,1: Not at all; 2: A little; 3: Some; 4: A lot,9: Omitted or invalid; Sysmis: Not administered,School Questionnaire,,✓,Both,,School SES,
ACBG11BE,GEN\SHORTAGE\MAT\CONCRETE OBJECTS (2023),GEN\SHORTAGE\MAT\CONCRETE OBJECTS,1: Not at all; 2: A little; 3: Some; 4: A lot,9: Omitted or invalid; Sysmis: Not administered,School Questionnaire,✓,,Both,,School SES,
ACBLG10BE,GEN\SHORTAGE\MAT\CONCRETE OBJECTS (2024),GEN\SHORTAGE\MAT\CONCRETE OBJECTS,1: Not at all; 2: A little; 3: Some; 4: A lot,9: Omitted or invalid; Sysmis: Not administered,School Questionnaire,,✓,Both,,School SES,
ACBG11BC,GEN\SHORTAGE\MAT\LIBRARY RESOURCES (2023),GEN\SHORTAGE\MAT\LIBRARY RESOURCES,1: Not at all; 2: A little; 3: Some; 4: A lot,9: Omitted or invalid; Sysmis: Not administered,School Questionnaire,✓,,Both,,School SES,
ACBLG10BC,GEN\SHORTAGE\MAT\LIBRARY RESOURCES (2024),GEN\SHORTAGE\MAT\LIBRARY RESOURCES,1: Not at all; 2: A little; 3: Some; 4: A lot,9: Omitted or invalid; Sysmis: Not administered,School Questionnaire,,✓,Both,,School SES,
ACBG11BA,GEN\SHORTAGE\MAT\TEACH SPEC MATH (2023),GEN\SHORTAGE\MAT\TEACH SPEC MATH,1: Not at all; 2: A little; 3: Some; 4: A lot,9: Omitted or invalid; Sysmis: Not administered,School Questionnaire,✓,,Both,,School SES,
ACBLG10BA,GEN\SHORTAGE\MAT\TEACH SPEC MATH (2024),GEN\SHORTAGE\MAT\TEACH SPEC MATH,1: Not at all; 2: A little; 3: Some; 4: A lot,9: Omitted or invalid; Sysmis: Not administered,School Questionnaire,,✓,Both,,School SES,
ACBG11CB,GEN\SHORTAGE\SCI\COMPUTER SOFTWARE (2023),GEN\SHORTAGE\SCI\COMPUTER SOFTWARE,1: Not at all; 2: A little; 3: Some; 4: A lot,9: Omitted or invalid; Sysmis: Not administered,School Questionnaire,✓,,Both,,School SES,
ACBLG10CB,GEN\SHORTAGE\SCI\COMPUTER SOFTWARE (2024),GEN\SHORTAGE\SCI\COMPUTER SOFTWARE,1: Not at all; 2: A little; 3: Some; 4: A lot,9: Omitted or invalid; Sysmis: Not administered,School Questionnaire,,✓,Both,,School SES,
ACBG11CC,GEN\SHORTAGE\SCI\LIBRARY RESOURCES (2023),GEN\SHORTAGE\SCI\LIBRARY RESOURCES,1: Not at all; 2: A little; 3: Some; 4: A lot,9: Omitted or invalid; Sysmis: Not administered,School Questionnaire,✓,,Both,,School SES,
ACBLG10CC,GEN\SHORTAGE\SCI\LIBRARY RESOURCES (2024),GEN\SHORTAGE\SCI\LIBRARY RESOURCES,1: Not at all; 2: A little; 3: Some; 4: A lot,9: Omitted or invalid; Sysmis: Not administered,School Questionnaire,,✓,Both,,School SES,
ACBG11CD,GEN\SHORTAGE\SCI\SCIENCE EQUIPMENT (2023),GEN\SHORTAGE\SCI\SCIENCE EQUIPMENT,1: Not at all; 2: A little; 3: Some; 4: A lot,9: Omitted or invalid; Sysmis: Not administered,School Questionnaire,✓,,Both,,School SES,
ACBLG10CD,GEN\SHORTAGE\SCI\SCIENCE EQUIPMENT (2024),GEN\SHORTAGE\SCI\SCIENCE EQUIPMENT,1: Not at all; 2: A little; 3: Some; 4: A lot,9: Omitted or invalid; Sysmis: Not administered,School Questionnaire,,✓,Both,,School SES,
ACBG11CA,GEN\SHORTAGE\SCI\TEACH SPEC SCIENCE (2023),GEN\SHORTAGE\SCI\TEACH SPEC SCIENCE,1: Not at all; 2: A little; 3: Some; 4: A lot,9: Omitted or invalid; Sysmis: Not administered,School Questionnaire,✓,,Both,,School SES,
ACBLG10CA,GEN\SHORTAGE\SCI\TEACH SPEC SCIENCE (2024),GEN\SHORTAGE\SCI\TEACH SPEC SCIENCE,1: Not at all; 2: A little; 3: Some; 4: A lot,9: Omitted or invalid; Sysmis: Not administered,School Questionnaire,,✓,Both,,School SES,
ACBG03B,GEN\STUDENTS BACKGROUND\ECONOMIC AFFLUEN (2023),GEN\STUDENTS BACKGROUND\ECONOMIC AFFLUEN,1: 0 to 10%; 2: 11 to 25%; 3: 26 to 50%; 4: More than 50%,9: Omitted or invalid; Sysmis: Not administered,School Questionnaire,✓,,Both,,School SES,
ACBLG02B,GEN\STUDENTS BACKGROUND\ECONOMIC AFFLUEN (2024),GEN\STUDENTS BACKGROUND\ECONOMIC AFFLUEN,1: 0 to 10%; 2: 11 to 25%; 3: 26 to 50%; 4: More than 50%,9: Omitted or invalid; Sysmis: Not administered,School Questionnaire,,✓,Both,,School SES,
ACBG03A,GEN\STUDENTS BACKGROUND\ECONOMIC DISADVA (2023),GEN\STUDENTS BACKGROUND\ECONOMIC DISADVA,1: 0 to 10%; 2: 11 to 25%; 3: 26 to 50%; 4: More than 50%,9: Omitted or invalid; Sysmis: Not administered,School Questionnaire,✓,,Both,,School SES,
ACBLG02A,GEN\STUDENTS BACKGROUND\ECONOMIC DISADVA (2024),GEN\STUDENTS BACKGROUND\ECONOMIC DISADVA,1: 0 to 10%; 2: 11 to 25%; 3: 26 to 50%; 4: More than 50%,9: Omitted or invalid; Sysmis: Not administered,School Questionnaire,,✓,Both,,School SES,
ACBG07,GEN\TOTAL NUMBER COMPUTERS (2023),GEN\TOTAL NUMBER COMPUTERS,,9999: Omitted or invalid; Sysmis: Not administered,School Questionnaire,✓,,Both,,School SES,
ACBLG05,GEN\TOTAL NUMBER COMPUTERS (2024),GEN\TOTAL NUMBER COMPUTERS,,9999: Omitted or invalid; Sysmis: Not administered,School Questionnaire,,✓,Both,,School SES,
ACDGSBC,School Composition by Socioeconomic Background (2023),School Composition by Socioeconomic Background,1: More Affluent; 2: Neither More Affluent nor More Disadvantaged; 3: More Disadvantaged,9: Omitted or invalid; SYSMIS: Not administered,School Questionnaire,✓,,Both,,School SES,
ACDLGSBC,School Composition by Socioeconomic Background (2024),School Composition by Socioeconomic Background,1: More Affluent; 2: Neither More Affluent nor More Disadvantaged; 3: More Disadvantaged,9: Omitted or invalid; SYSMIS: Not administered,School Questionnaire,,✓,Both,,School SES,
ACBLG06A,GEN\ACCESS TO COMPUTERS\LAB CLASSTIME (2024),GEN\ACCESS TO COMPUTERS\LAB CLASSTIME,1: Yes; 2: No,9: Omitted or invalid; Sysmis: Not administered,School Questionnaire,,✓,2024 only,,School SES,
ACBLG06B,GEN\ACCESS TO COMPUTERS\LAB OUTSIDE CLASS (2024),GEN\ACCESS TO COMPUTERS\LAB OUTSIDE CLASS,1: Yes; 2: No,9: Omitted or invalid; Sysmis: Not administered,School Questionnaire,,✓,2024 only,,School SES,
ACBLG06D,GEN\ACCESS TO COMPUTERS\LAPTOPS AT HOME (2024),GEN\ACCESS TO COMPUTERS\LAPTOPS AT HOME,1: Yes; 2: No,9: Omitted or invalid; Sysmis: Not administered,School Questionnaire,,✓,2024 only,,School SES,
ACBLG06C,GEN\ACCESS TO COMPUTERS\LAPTOPS DURING CLASS (2024),GEN\ACCESS TO COMPUTERS\LAPTOPS DURING CLASS,1: Yes; 2: No,9: Omitted or invalid; Sysmis: Not administered,School Questionnaire,,✓,2024 only,,School SES,
ACBG10A,GEN\LIBRARY OR MEDIA CENTER (2023),GEN\LIBRARY OR MEDIA CENTER,1: Yes; 2: No,9: Omitted or invalid; Sysmis: Not administered,School Questionnaire,✓,,2023 only,,School SES,
ASDHELA,Early Literacy Activities Before School/IDX (2023),Early Literacy Activities Before School/IDX,1: Very Often; 2: Often; 3: Sometimes,9: Omitted or invalid; SYSMIS: Not administered,Home Questionnaire,✓,,2023 only,,Skills starting school,
ASBHELA,Early Literacy Activities Before School/SCL (2023),Early Literacy Activities Before School/SCL,,999999: Omitted or invalid; SYSMIS: Not administered,Home Questionnaire,✓,,2023 only,,Skills starting school,
ASDHELN,Early Literacy and Numeracy Activities Before School/IDX (2023),Early Literacy and Numeracy Activities Before School/IDX,1: Very Often; 2: Often; 3: Sometimes,9: Omitted or invalid; SYSMIS: Not administered,Home Questionnaire,✓,,2023 only,,Skills starting school,
ASBHELN,Early Literacy and Numeracy Activities Before School/SCL (2023),Early Literacy and Numeracy Activities Before School/SCL,,999999: Omitted or invalid; SYSMIS: Not administered,Home Questionnaire,✓,,2023 only,,Skills starting school,
ASDHLNT,Early Literacy and Numeracy Tasks Beginning School/IDX (2023),Early Literacy and Numeracy Tasks Beginning School/IDX,1: Very Well; 2: Moderately Well; 3: Not Well,9: Omitted or invalid; SYSMIS: Not administered,Home Questionnaire,✓,,2023 only,,Skills starting school,
ASBHLNT,Early Literacy and Numeracy Tasks Beginning School/SCL (2023),Early Literacy and Numeracy Tasks Beginning School/SCL,,999999: Omitted or invalid; SYSMIS: Not administered,Home Questionnaire,✓,,2023 only,,Skills starting school,
ASDHELT,Early Literacy Tasks Beginning School/IDX (2023),Early Literacy Tasks Beginning School/IDX,1: Very Well; 2: Moderately Well; 3: Not Well,9: Omitted or invalid; SYSMIS: Not administered,Home Questionnaire,✓,,2023 only,,Skills starting school,
ASBHELT,Early Literacy Tasks Beginning School/SCL (2023),Early Literacy Tasks Beginning School/SCL,,999999: Omitted or invalid; SYSMIS: Not administered,Home Questionnaire,✓,,2023 only,,Skills starting school,
ASDHENA,Early Numeracy Activities Before School/IDX (2023),Early Numeracy Activities Before School/IDX,1: Very Often; 2: Often; 3: Sometimes,9: Omitted or invalid; SYSMIS: Not administered,Home Questionnaire,✓,,2023 only,,Skills starting school,
ASBHENA,Early Numeracy Activities Before School/SCL (2023),Early Numeracy Activities Before School/SCL,,999999: Omitted or invalid; SYSMIS: Not administered,Home Questionnaire,✓,,2023 only,,Skills starting school,
ASDHENT,Early Numeracy Tasks Beginning School/IDX (2023),Early Numeracy Tasks Beginning School/IDX,1: Very Well; 2: Moderately Well; 3: Not Well,9: Omitted or invalid; SYSMIS: Not administered,Home Questionnaire,✓,,2023 only,,Skills starting school,
ASBHENT,Early Numeracy Tasks Beginning School/SCL (2023),Early Numeracy Tasks Beginning School/SCL,,999999: Omitted or invalid; SYSMIS: Not administered,Home Questionnaire,✓,,2023 only,,Skills starting school,
ACBG16G,GEN\PRIMARY SCHOOL\COUNT UP TO 100 (2023),GEN\PRIMARY SCHOOL\COUNT UP TO 100,1: Less than 25%; 2: 25–50%; 3: 51–75%; 4: More than 75%,9: Omitted or invalid; Sysmis: Not administered,School Questionnaire,✓,,2023 only,,Skills starting school,
ACBG16K,GEN\PRIMARY SCHOOL\DO SIMPLE ADDITION (2023),GEN\PRIMARY SCHOOL\DO SIMPLE ADDITION,1: Less than 25%; 2: 25–50%; 3: 51–75%; 4: More than 75%,9: Omitted or invalid; Sysmis: Not administered,School Questionnaire,✓,,2023 only,,Skills starting school,
ACBG16L,GEN\PRIMARY SCHOOL\DO SIMPLE SUBTRACTION (2023),GEN\PRIMARY SCHOOL\DO SIMPLE SUBTRACTION,1: Less than 25%; 2: 25–50%; 3: 51–75%; 4: More than 75%,9: Omitted or invalid; Sysmis: Not administered,School Questionnaire,✓,,2023 only,,Skills starting school,
ACBG16I,GEN\PRIMARY SCHOOL\NUMBERS HIGHER THAN (2023),GEN\PRIMARY SCHOOL\NUMBERS HIGHER THAN,1: Less than 25%; 2: 25–50%; 3: 51–75%; 4: More than 75%,9: Omitted or invalid; Sysmis: Not administered,School Questionnaire,✓,,2023 only,,Skills starting school,
ACBG16C,GEN\PRIMARY SCHOOL\READ SENTENCES (2023),GEN\PRIMARY SCHOOL\READ SENTENCES,1: Less than 25%; 2: 25–50%; 3: 51–75%; 4: More than 75%,9: Omitted or invalid; Sysmis: Not administered,School Questionnaire,✓,,2023 only,,Skills starting school,
ACBG16B,GEN\PRIMARY SCHOOL\READ WORDS (2023),GEN\PRIMARY SCHOOL\READ WORDS,1: Less than 25%; 2: 25–50%; 3: 51–75%; 4: More than 75%,9: Omitted or invalid; Sysmis: Not administered,School Questionnaire,✓,,2023 only,,Skills starting school,
ACBG16A,GEN\PRIMARY SCHOOL\RECOGNIZE LETTERS (2023),GEN\PRIMARY SCHOOL\RECOGNIZE LETTERS,1: Less than 25%; 2: 25–50%; 3: 51–75%; 4: More than 75%,9: Omitted or invalid; Sysmis: Not administered,School Questionnaire,✓,,2023 only,,Skills starting school,
ACBG16H,GEN\PRIMARY SCHOOL\RECOGNIZE NUMBERS FROM (2023),GEN\PRIMARY SCHOOL\RECOGNIZE NUMBERS FROM,1: Less than 25%; 2: 25–50%; 3: 51–75%; 4: More than 75%,9: Omitted or invalid; Sysmis: Not administered,School Questionnaire,✓,,2023 only,,Skills starting school,
ACBG16D,GEN\PRIMARY SCHOOL\WRITE LETTERS (2023),GEN\PRIMARY SCHOOL\WRITE LETTERS,1: Less than 25%; 2: 25–50%; 3: 51–75%; 4: More than 75%,9: Omitted or invalid; Sysmis: Not administered,School Questionnaire,✓,,2023 only,,Skills starting school,
ACBG16E,GEN\PRIMARY SCHOOL\WRITE NAMES (2023),GEN\PRIMARY SCHOOL\WRITE NAMES,1: Less than 25%; 2: 25–50%; 3: 51–75%; 4: More than 75%,9: Omitted or invalid; Sysmis: Not administered,School Questionnaire,✓,,2023 only,,Skills starting school,
ACBG16J,GEN\PRIMARY SCHOOL\WRITE NUMBERS (2023),GEN\PRIMARY SCHOOL\WRITE NUMBERS,1: Less than 25%; 2: 25–50%; 3: 51–75%; 4: More than 75%,9: Omitted or invalid; Sysmis: Not administered,School Questionnaire,✓,,2023 only,,Skills starting school,
ACBG16F,GEN\PRIMARY SCHOOL\WRITE WORDS (2023),GEN\PRIMARY SCHOOL\WRITE WORDS,1: Less than 25%; 2: 25–50%; 3: 51–75%; 4: More than 75%,9: Omitted or invalid; Sysmis: Not administered,School Questionnaire,✓,,2023 only,,Skills starting school,
ASBH07A,GEN\SKILLS\COUNT BY HIM-/HERSELF (2023),GEN\SKILLS\COUNT BY HIM-/HERSELF,1: Not at all; 2: Up to 10; 3: Up to 20; 4: Up to 100 or higher,9: Omitted or invalid; Sysmis: Not administered,Home Questionnaire,✓,,2023 only,,Skills starting school,
ASBH06D,GEN\SKILLS\READ A STORY (2023),GEN\SKILLS\READ A STORY,1: Very well; 2: Moderately well; 3: Not very well; 4: Not at all,9: Omitted or invalid; Sysmis: Not administered,Home Questionnaire,✓,,2023 only,,Skills starting school,
ASBH06C,GEN\SKILLS\READ SENTENCES (2023),GEN\SKILLS\READ SENTENCES,1: Very well; 2: Moderately well; 3: Not very well; 4: Not at all,9: Omitted or invalid; Sysmis: Not administered,Home Questionnaire,✓,,2023 only,,Skills starting school,
ASBH06B,GEN\SKILLS\READ SOME WORDS (2023),GEN\SKILLS\READ SOME WORDS,1: Very well; 2: Moderately well; 3: Not very well; 4: Not at all,9: Omitted or invalid; Sysmis: Not administered,Home Questionnaire,✓,,2023 only,,Skills starting school,
ASBH07B,GEN\SKILLS\RECOG WRITTEN NUMERAL (2023),GEN\SKILLS\RECOG WRITTEN NUMERAL,1: Not at all; 2: Up to 10; 3: Up to 20; 4: Up to 100 or higher,9: Omitted or invalid; Sysmis: Not administered,Home Questionnaire,✓,,2023 only,,Skills starting school,
ASBH06A,GEN\SKILLS\RECOGNIZE LETTERS (2023),GEN\SKILLS\RECOGNIZE LETTERS,1: Very well; 2: Moderately well; 3: Not very well; 4: Not at all,9: Omitted or invalid; Sysmis: Not administered,Home Questionnaire,✓,,2023 only,,Skills starting school,
ASBH07D,GEN\SKILLS\SIMPLE ADDITION (2023),GEN\SKILLS\SIMPLE ADDITION,1: Yes; 2: No,9: Omitted or invalid; Sysmis: Not administered,Home Questionnaire,✓,,2023 only,,Skills starting school,
ASBH07E,GEN\SKILLS\SIMPLE SUBTRACTION (2023),GEN\SKILLS\SIMPLE SUBTRACTION,1: Yes; 2: No,9: Omitted or invalid; Sysmis: Not administered,Home Questionnaire,✓,,2023 only,,Skills starting school,
ASBH06E,GEN\SKILLS\WRITE LETTERS (2023),GEN\SKILLS\WRITE LETTERS,1: Very well; 2: Moderately well; 3: Not very well; 4: Not at all,9: Omitted or invalid; Sysmis: Not administered,Home Questionnaire,✓,,2023 only,,Skills starting school,
ASBH06F,GEN\SKILLS\WRITE NAME (2023),GEN\SKILLS\WRITE NAME,1: Very well; 2: Moderately well; 3: Not very well; 4: Not at all,9: Omitted or invalid; Sysmis: Not administered,Home Questionnaire,✓,,2023 only,,Skills starting school,
ASBH07C,GEN\SKILLS\WRITE NUMBERS (2023),GEN\SKILLS\WRITE NUMBERS,1: Not at all; 2: Up to 10; 3: Up to 20; 4: Up to 100 or higher,9: Omitted or invalid; Sysmis: Not administered,Home Questionnaire,✓,,2023 only,,Skills starting school,
ASBH06G,GEN\SKILLS\WRITE WORDS (2023),GEN\SKILLS\WRITE WORDS,1: Very well; 2: Moderately well; 3: Not very well; 4: Not at all,9: Omitted or invalid; Sysmis: Not administered,Home Questionnaire,✓,,2023 only,,Skills starting school,
ACDGLNS,Students Begin with Literacy and Numeracy Skills/IDX (2023),Students Begin with Literacy and Numeracy Skills/IDX,1: More than 75% Begin with Skills; 2: 25-75% Begin with Skills; 3: Less than 25% Begin with Skills,9: Omitted or invalid; SYSMIS: Not administered,School Questionnaire,✓,,2023 only,,Skills starting school,
ACBGLNS,Students Begin with Literacy and Numeracy Skills/SCL (2023),Students Begin with Literacy and Numeracy Skills/SCL,,999999: Omitted or invalid; SYSMIS: Not administered,School Questionnaire,✓,,2023 only,,Skills starting school,